name,source,region,number_of_games,start_date,end_date
Worlds Main Event 2024,https://gol.gg/tournament/tournament-stats/Worlds%20Main%20Event%202024/,WR,8,2024-10-03,2024-10-03
Worlds Play-In 2024,https://gol.gg/tournament/tournament-stats/Worlds%20Play-In%202024/,WR,24,2024-09-25,2024-09-29
Americas Challengers 2024,https://gol.gg/tournament/tournament-stats/Americas%20Challengers%202024/,WR,35,2024-09-14,2024-09-21
LCK Regional Finals 2024,https://gol.gg/tournament/tournament-stats/LCK%20Regional%20Finals%202024/,KR,13,2024-09-12,2024-09-14
LVP SL Promotion 2025,https://gol.gg/tournament/tournament-stats/LVP%20SL%20Promotion%202025/,ES,11,2024-09-03,2024-09-10
LCK Summer Playoffs 2024,https://gol.gg/tournament/tournament-stats/LCK%20Summer%20Playoffs%202024/,KR,31,2024-08-23,2024-09-08
NACL Summer Playoffs 2024,https://gol.gg/tournament/tournament-stats/NACL%20Summer%20Playoffs%202024/,NA,43,2024-08-17,2024-09-08
CBLOL Split 2 Playoffs 2024,https://gol.gg/tournament/tournament-stats/CBLOL%20Split%202%20Playoffs%202024/,BR,41,2024-08-03,2024-09-07
LCS Championship 2024,https://gol.gg/tournament/tournament-stats/LCS%20Championship%202024/,NA,40,2024-08-17,2024-09-07
Prime League Promotion 2025,https://gol.gg/tournament/tournament-stats/Prime%20League%20Promotion%202025/,DE,12,2024-09-03,2024-09-07
LCK CL Summer Playoffs 2024,https://gol.gg/tournament/tournament-stats/LCK%20CL%20Summer%20Playoffs%202024/,KR,34,2024-08-19,2024-09-06
LFL Promotion 2025,https://gol.gg/tournament/tournament-stats/LFL%20Promotion%202025/,FR,11,2024-09-04,2024-09-06
LPL Regional Finals 2024,https://gol.gg/tournament/tournament-stats/LPL%20Regional%20Finals%202024/,CN,13,2024-08-31,2024-09-02
LEC Season Finals 2024,https://gol.gg/tournament/tournament-stats/LEC%20Season%20Finals%202024/,EUW,32,2024-08-10,2024-09-01
PCS Summer Playoffs 2024,https://gol.gg/tournament/tournament-stats/PCS%20Summer%20Playoffs%202024/,WR,67,2024-08-05,2024-09-01
EMEA Masters Summer 2024,https://gol.gg/tournament/tournament-stats/EMEA%20Masters%20Summer%202024/,WR,191,2024-08-05,2024-08-30
LPL Summer Playoffs 2024,https://gol.gg/tournament/tournament-stats/LPL%20Summer%20Playoffs%202024/,CN,60,2024-08-03,2024-08-30
CBLOL Academy Split 2 Playoffs 2024,https://gol.gg/tournament/tournament-stats/CBLOL%20Academy%20Split%202%20Playoffs%202024/,BR,45,2024-07-22,2024-08-25
LLA Closing Playoffs 2024,https://gol.gg/tournament/tournament-stats/LLA%20Closing%20Playoffs%202024/,LAT,26,2024-07-30,2024-08-24
LCK Summer 2024,https://gol.gg/tournament/tournament-stats/LCK%20Summer%202024/,KR,209,2024-06-12,2024-08-18
VCS Summer Playoffs 2024,https://gol.gg/tournament/tournament-stats/VCS%20Summer%20Playoffs%202024/,VN,25,2024-08-07,2024-08-18
LCK CL Summer 2024,https://gol.gg/tournament/tournament-stats/LCK%20CL%20Summer%202024/,KR,223,2024-06-10,2024-08-16
LCS Summer 2024,https://gol.gg/tournament/tournament-stats/LCS%20Summer%202024/,NA,65,2024-06-15,2024-08-11
NACL Summer 2024,https://gol.gg/tournament/tournament-stats/NACL%20Summer%202024/,NA,111,2024-06-15,2024-08-11
Hitpoint Masters Summer Playoffs 2024,https://gol.gg/tournament/tournament-stats/Hitpoint%20Masters%20Summer%20Playoffs%202024/,CZ,14,2024-07-19,2024-08-04
LFL Div2 Summer Playoffs 2024,https://gol.gg/tournament/tournament-stats/LFL%20Div2%20Summer%20Playoffs%202024/,FR,22,2024-07-08,2024-08-04
LVP SL 2nd Div Summer Playoffs 2024,https://gol.gg/tournament/tournament-stats/LVP%20SL%202nd%20Div%20Summer%20Playoffs%202024/,ES,16,2024-07-15,2024-08-04
VCS Summer 2024,https://gol.gg/tournament/tournament-stats/VCS%20Summer%202024/,VN,100,2024-06-21,2024-08-04
LFL Summer Playoffs 2024,https://gol.gg/tournament/tournament-stats/LFL%20Summer%20Playoffs%202024/,FR,24,2024-07-20,2024-08-03
NLC Summer Playoffs 2024,https://gol.gg/tournament/tournament-stats/NLC%20Summer%20Playoffs%202024/,EUW,17,2024-07-24,2024-08-03
Prime League Summer Playoffs 2024,https://gol.gg/tournament/tournament-stats/Prime%20League%20Summer%20Playoffs%202024/,DE,23,2024-07-16,2024-08-03
LVP SL Summer Playoffs 2024,https://gol.gg/tournament/tournament-stats/LVP%20SL%20Summer%20Playoffs%202024/,ES,25,2024-07-20,2024-08-03
TCL Summer Playoffs 2024,https://gol.gg/tournament/tournament-stats/TCL%20Summer%20Playoffs%202024/,TR,26,2024-07-20,2024-08-03
Ultraliga Summer Playoffs 2024,https://gol.gg/tournament/tournament-stats/Ultraliga%20Summer%20Playoffs%202024/,PL,16,2024-07-24,2024-08-03
EMEA Masters Summer LCQ 2024,https://gol.gg/tournament/tournament-stats/EMEA%20Masters%20Summer%20LCQ%202024/,WR,69,2024-07-31,2024-08-02
LPL Summer Season 2024,https://gol.gg/tournament/tournament-stats/LPL%20Summer%20Season%202024/,CN,152,2024-07-05,2024-07-31
Prime League 2nd Div Summer Playoffs 2024,https://gol.gg/tournament/tournament-stats/Prime%20League%202nd%20Div%20Summer%20Playoffs%202024/,DE,25,2024-07-08,2024-07-30
CBLOL Split 2 2024,https://gol.gg/tournament/tournament-stats/CBLOL%20Split%202%202024/,BR,92,2024-06-01,2024-07-29
LEC Summer Playoffs 2024,https://gol.gg/tournament/tournament-stats/LEC%20Summer%20Playoffs%202024/,EUW,42,2024-07-12,2024-07-28
LJL Summer Playoffs 2024,https://gol.gg/tournament/tournament-stats/LJL%20Summer%20Playoffs%202024/,JP,15,2024-07-20,2024-07-28
PCS Summer 2024,https://gol.gg/tournament/tournament-stats/PCS%20Summer%202024/,PCS,73,2024-06-08,2024-07-28
TCL Div2 Summer Playoffs 2024,https://gol.gg/tournament/tournament-stats/TCL%20Div2%20Summer%20Playoffs%202024/,TR,24,2024-07-21,2024-07-28
Elite Series Summer Playoffs 2024,https://gol.gg/tournament/tournament-stats/Elite%20Series%20Summer%20Playoffs%202024/,BE,17,2024-07-16,2024-07-27
LIT Summer Playoffs 2024,https://gol.gg/tournament/tournament-stats/LIT%20Summer%20Playoffs%202024/,IT,16,2024-07-10,2024-07-25
LLA Closing 2024,https://gol.gg/tournament/tournament-stats/LLA%20Closing%202024/,LAT,63,2024-06-11,2024-07-24
LCO Split 2 Playoffs 2024,https://gol.gg/tournament/tournament-stats/LCO%20Split%202%20Playoffs%202024/,OCE,22,2024-07-15,2024-07-22
GLL Summer Playoffs 2024,https://gol.gg/tournament/tournament-stats/GLL%20Summer%20Playoffs%202024/,GR,14,2024-07-09,2024-07-20
LPLOL Summer Playoffs 2024,https://gol.gg/tournament/tournament-stats/LPLOL%20Summer%20Playoffs%202024/,PT,18,2024-07-04,2024-07-20
LFL Summer 2024,https://gol.gg/tournament/tournament-stats/LFL%20Summer%202024/,FR,91,2024-05-22,2024-07-18
LVP SL Summer 2024,https://gol.gg/tournament/tournament-stats/LVP%20SL%20Summer%202024/,ES,90,2024-05-22,2024-07-18
TCL Summer 2024,https://gol.gg/tournament/tournament-stats/TCL%20Summer%202024/,TR,56,2024-05-30,2024-07-18
EBL Summer Playoffs 2024,https://gol.gg/tournament/tournament-stats/EBL%20Summer%20Playoffs%202024/,RS,16,2024-07-09,2024-07-17
NLC Summer 2024,https://gol.gg/tournament/tournament-stats/NLC%20Summer%202024/,EUW,56,2024-06-04,2024-07-17
Ultraliga Summer 2024,https://gol.gg/tournament/tournament-stats/Ultraliga%20Summer%202024/,PL,56,2024-06-04,2024-07-17
CBLOL Academy Split 2 2024,https://gol.gg/tournament/tournament-stats/CBLOL%20Academy%20Split%202%202024/,BR,93,2024-06-03,2024-07-16
Hitpoint Masters Summer 2024,https://gol.gg/tournament/tournament-stats/Hitpoint%20Masters%20Summer%202024/,CZ,57,2024-06-03,2024-07-16
TCL Div2 Summer 2024,https://gol.gg/tournament/tournament-stats/TCL%20Div2%20Summer%202024/,TR,90,2024-05-21,2024-07-16
LJL Summer 2024,https://gol.gg/tournament/tournament-stats/LJL%20Summer%202024/,JP,60,2024-06-07,2024-07-14
Elite Series Summer 2024,https://gol.gg/tournament/tournament-stats/Elite%20Series%20Summer%202024/,BE,55,2024-06-04,2024-07-13
Arabian League Summer Playoffs 2024,https://gol.gg/tournament/tournament-stats/Arabian%20League%20Summer%20Playoffs%202024/,AL,13,2024-07-09,2024-07-12
Prime League Summer 2024,https://gol.gg/tournament/tournament-stats/Prime%20League%20Summer%202024/,DE,90,2024-05-22,2024-07-10
LCO Split 2 2024,https://gol.gg/tournament/tournament-stats/LCO%20Split%202%202024/,OCE,56,2024-05-27,2024-07-09
LVP SL 2nd Div Summer 2024,https://gol.gg/tournament/tournament-stats/LVP%20SL%202nd%20Div%20Summer%202024/,ES,56,2024-05-24,2024-07-09
Esports World Cup 2024,https://gol.gg/tournament/tournament-stats/Esports%20World%20Cup%202024/,WR,19,2024-07-04,2024-07-07
LFL Div2 Summer 2024,https://gol.gg/tournament/tournament-stats/LFL%20Div2%20Summer%202024/,FR,90,2024-05-21,2024-07-05
LIT Summer 2024,https://gol.gg/tournament/tournament-stats/LIT%20Summer%202024/,IT,48,2024-05-23,2024-07-05
GLL Summer 2024,https://gol.gg/tournament/tournament-stats/GLL%20Summer%202024/,GR,56,2024-05-21,2024-07-03
EBL Summer 2024,https://gol.gg/tournament/tournament-stats/EBL%20Summer%202024/,RS,56,2024-05-23,2024-07-02
Prime League 2nd Div Summer 2024,https://gol.gg/tournament/tournament-stats/Prime%20League%202nd%20Div%20Summer%202024/,DE,90,2024-05-20,2024-07-02
LEC Summer Season 2024,https://gol.gg/tournament/tournament-stats/LEC%20Summer%20Season%202024/,EUW,47,2024-06-08,2024-06-30
LPL Summer Placements 2024,https://gol.gg/tournament/tournament-stats/LPL%20Summer%20Placements%202024/,CN,130,2024-06-01,2024-06-29
LPLOL Summer 2024,https://gol.gg/tournament/tournament-stats/LPLOL%20Summer%202024/,PT,56,2024-05-23,2024-06-28
Arabian League Summer 2024,https://gol.gg/tournament/tournament-stats/Arabian%20League%20Summer%202024/,AL,56,2024-05-23,2024-06-27
MSI 2024,https://gol.gg/tournament/tournament-stats/MSI%202024/,WR,78,2024-05-01,2024-05-19
CBLOL Academy Split 1 Playoffs 2024,https://gol.gg/tournament/tournament-stats/CBLOL%20Academy%20Split%201%20Playoffs%202024/,BR,72,2024-03-11,2024-04-28
EMEA Masters Spring 2024,https://gol.gg/tournament/tournament-stats/EMEA%20Masters%20Spring%202024/,WR,80,2024-04-19,2024-04-28
LCO Split 1 Playoffs 2024,https://gol.gg/tournament/tournament-stats/LCO%20Split%201%20Playoffs%202024/,OCE,22,2024-02-26,2024-04-28
CBLOL Split 1 Playoffs 2024,https://gol.gg/tournament/tournament-stats/CBLOL%20Split%201%20Playoffs%202024/,BR,40,2024-03-22,2024-04-20
LPL Spring Playoffs 2024,https://gol.gg/tournament/tournament-stats/LPL%20Spring%20Playoffs%202024/,CN,51,2024-03-31,2024-04-20
EMEA Masters Spring Play-In 2024,https://gol.gg/tournament/tournament-stats/EMEA%20Masters%20Spring%20Play-In%202024/,WR,59,2024-04-15,2024-04-17
LCK Spring Playoffs 2024,https://gol.gg/tournament/tournament-stats/LCK%20Spring%20Playoffs%202024/,KR,32,2024-03-30,2024-04-14
LEC Spring Playoffs 2024,https://gol.gg/tournament/tournament-stats/LEC%20Spring%20Playoffs%202024/,EUW,42,2024-03-30,2024-04-14
GLL Spring Playoffs 2024,https://gol.gg/tournament/tournament-stats/GLL%20Spring%20Playoffs%202024/,GR,15,2024-03-19,2024-04-12
LCK CL Spring Playoffs 2024,https://gol.gg/tournament/tournament-stats/LCK%20CL%20Spring%20Playoffs%202024/,KR,31,2024-03-25,2024-04-12
Prime League Spring Playoffs 2024,https://gol.gg/tournament/tournament-stats/Prime%20League%20Spring%20Playoffs%202024/,DE,26,2024-03-20,2024-04-12
LVP SL 2nd Div Spring Playoffs 2024,https://gol.gg/tournament/tournament-stats/LVP%20SL%202nd%20Div%20Spring%20Playoffs%202024/,ES,14,2024-03-24,2024-04-12
LFL Div2 Spring Playoffs 2024,https://gol.gg/tournament/tournament-stats/LFL%20Div2%20Spring%20Playoffs%202024/,FR,22,2024-03-19,2024-04-09
Prime League 2nd Div Spring Playoffs 2024,https://gol.gg/tournament/tournament-stats/Prime%20League%202nd%20Div%20Spring%20Playoffs%202024/,DE,22,2024-03-15,2024-04-09
PCS Spring Playoffs 2024,https://gol.gg/tournament/tournament-stats/PCS%20Spring%20Playoffs%202024/,WR,65,2024-03-11,2024-04-07
VCS Spring Playoffs 2024,https://gol.gg/tournament/tournament-stats/VCS%20Spring%20Playoffs%202024/,VN,19,2024-04-03,2024-04-07
LLA Opening Playoffs 2024,https://gol.gg/tournament/tournament-stats/LLA%20Opening%20Playoffs%202024/,LAT,31,2024-03-05,2024-04-06
Arabian League Spring Playoffs 2024,https://gol.gg/tournament/tournament-stats/Arabian%20League%20Spring%20Playoffs%202024/,AL,16,2024-03-28,2024-04-05
EBL Spring Playoffs 2024,https://gol.gg/tournament/tournament-stats/EBL%20Spring%20Playoffs%202024/,RS,16,2024-03-13,2024-04-05
LFL Spring Playoffs 2024,https://gol.gg/tournament/tournament-stats/LFL%20Spring%20Playoffs%202024/,FR,21,2024-03-20,2024-04-05
LPLOL Spring Playoffs 2024,https://gol.gg/tournament/tournament-stats/LPLOL%20Spring%20Playoffs%202024/,PT,15,2024-03-14,2024-04-05
LVP SL Spring Playoffs 2024,https://gol.gg/tournament/tournament-stats/LVP%20SL%20Spring%20Playoffs%202024/,ES,26,2024-03-19,2024-04-05
TCL Playoffs Spring 2024,https://gol.gg/tournament/tournament-stats/TCL%20Playoffs%20Spring%202024/,TR,25,2024-03-19,2024-04-05
TCL Div2 Winter Playoffs 2024,https://gol.gg/tournament/tournament-stats/TCL%20Div2%20Winter%20Playoffs%202024/,TR,25,2024-03-27,2024-04-03
NACL Spring Playoffs 2024,https://gol.gg/tournament/tournament-stats/NACL%20Spring%20Playoffs%202024/,NA,36,2024-03-14,2024-04-01
LCS Spring Playoffs 2024,https://gol.gg/tournament/tournament-stats/LCS%20Spring%20Playoffs%202024/,NA,30,2024-03-14,2024-03-31
Elite Series Spring Playoffs 2024,https://gol.gg/tournament/tournament-stats/Elite%20Series%20Spring%20Playoffs%202024/,BE,15,2024-03-12,2024-03-30
Hitpoint Masters Spring Playoffs 2024,https://gol.gg/tournament/tournament-stats/Hitpoint%20Masters%20Spring%20Playoffs%202024/,CZ,16,2024-03-12,2024-03-30
LIT Spring Playoffs 2024,https://gol.gg/tournament/tournament-stats/LIT%20Spring%20Playoffs%202024/,IT,16,2024-03-14,2024-03-29
LPL Spring 2024,https://gol.gg/tournament/tournament-stats/LPL%20Spring%202024/,CN,324,2024-01-22,2024-03-27
NLC Spring Playoffs 2024,https://gol.gg/tournament/tournament-stats/NLC%20Spring%20Playoffs%202024/,EUW,15,2024-03-13,2024-03-27
LEC Spring Season 2024,https://gol.gg/tournament/tournament-stats/LEC%20Spring%20Season%202024/,EUW,46,2024-03-09,2024-03-25
LCK Spring 2024,https://gol.gg/tournament/tournament-stats/LCK%20Spring%202024/,KR,210,2024-01-17,2024-03-24
Ultraliga Spring Playoffs 2024,https://gol.gg/tournament/tournament-stats/Ultraliga%20Spring%20Playoffs%202024/,PL,16,2024-03-12,2024-03-23
LCK CL Spring 2024,https://gol.gg/tournament/tournament-stats/LCK%20CL%20Spring%202024/,KR,223,2024-01-15,2024-03-22
Arabian League Spring 2024,https://gol.gg/tournament/tournament-stats/Arabian%20League%20Spring%202024/,AL,56,2024-02-08,2024-03-21
CBLOL Split 1 2024,https://gol.gg/tournament/tournament-stats/CBLOL%20Split%201%202024/,BR,90,2024-01-20,2024-03-17
LFL Div2 Spring 2024,https://gol.gg/tournament/tournament-stats/LFL%20Div2%20Spring%202024/,FR,90,2024-01-19,2024-03-15
LVP SL 2nd Div Spring 2024,https://gol.gg/tournament/tournament-stats/LVP%20SL%202nd%20Div%20Spring%202024/,ES,56,2024-01-19,2024-03-15
LFL Spring 2024,https://gol.gg/tournament/tournament-stats/LFL%20Spring%202024/,FR,90,2024-01-17,2024-03-14
LVP SL Spring 2024,https://gol.gg/tournament/tournament-stats/LVP%20SL%20Spring%202024/,ES,91,2024-01-17,2024-03-14
GLL Spring 2024,https://gol.gg/tournament/tournament-stats/GLL%20Spring%202024/,GR,56,2024-01-23,2024-03-13
Prime League Spring 2024,https://gol.gg/tournament/tournament-stats/Prime%20League%20Spring%202024/,DE,90,2024-01-17,2024-03-13
TCL Div2 Winter 2024,https://gol.gg/tournament/tournament-stats/TCL%20Div2%20Winter%202024/,TR,91,2024-01-18,2024-03-13
Prime League 2nd Div Spring 2024,https://gol.gg/tournament/tournament-stats/Prime%20League%202nd%20Div%20Spring%202024/,DE,91,2024-01-16,2024-03-12
LCS Spring 2024,https://gol.gg/tournament/tournament-stats/LCS%20Spring%202024/,NA,57,2024-01-20,2024-03-10
NACL Spring 2024,https://gol.gg/tournament/tournament-stats/NACL%20Spring%202024/,NA,112,2024-01-20,2024-03-10
VCS Spring 2024,https://gol.gg/tournament/tournament-stats/VCS%20Spring%202024/,VN,107,2024-01-20,2024-03-10
EBL Spring 2024,https://gol.gg/tournament/tournament-stats/EBL%20Spring%202024/,RS,56,2024-01-31,2024-03-08
Hitpoint Masters Spring 2024,https://gol.gg/tournament/tournament-stats/Hitpoint%20Masters%20Spring%202024/,CZ,56,2024-01-23,2024-03-08
LPLOL Spring 2024,https://gol.gg/tournament/tournament-stats/LPLOL%20Spring%202024/,PT,56,2024-01-25,2024-03-08
LIT Spring 2024,https://gol.gg/tournament/tournament-stats/LIT%20Spring%202024/,IT,57,2024-01-25,2024-03-08
TCL Spring 2024,https://gol.gg/tournament/tournament-stats/TCL%20Spring%202024/,TR,56,2024-01-25,2024-03-08
Elite Series Spring 2024,https://gol.gg/tournament/tournament-stats/Elite%20Series%20Spring%202024/,BE,56,2024-01-23,2024-03-07
NLC Spring 2024,https://gol.gg/tournament/tournament-stats/NLC%20Spring%202024/,EUW,56,2024-01-24,2024-03-07
CBLOL Academy Split 1 2024,https://gol.gg/tournament/tournament-stats/CBLOL%20Academy%20Split%201%202024/,BR,66,2024-02-05,2024-03-05
LJL Spring Playoffs 2024,https://gol.gg/tournament/tournament-stats/LJL%20Spring%20Playoffs%202024/,JP,13,2024-02-24,2024-03-03
PCS Spring 2024,https://gol.gg/tournament/tournament-stats/PCS%20Spring%202024/,PCS,93,2024-01-19,2024-03-03
LLA Opening 2024,https://gol.gg/tournament/tournament-stats/LLA%20Opening%202024/,LAT,93,2024-01-16,2024-02-29
Ultraliga Spring 2024,https://gol.gg/tournament/tournament-stats/Ultraliga%20Spring%202024/,PL,56,2024-01-16,2024-02-28
LCO Split 1 2024,https://gol.gg/tournament/tournament-stats/LCO%20Split%201%202024/,OCE,55,2024-01-15,2024-02-21
LEC Winter Playoffs 2024,https://gol.gg/tournament/tournament-stats/LEC%20Winter%20Playoffs%202024/,EUW,40,2024-02-03,2024-02-18
LJL Spring 2024,https://gol.gg/tournament/tournament-stats/LJL%20Spring%202024/,JP,60,2024-01-20,2024-02-18
LEC Winter Season 2024,https://gol.gg/tournament/tournament-stats/LEC%20Winter%20Season%202024/,EUW,45,2024-01-13,2024-01-29
Demacia Cup 2023,https://gol.gg/tournament/tournament-stats/Demacia%20Cup%202023/,CN,65,2023-12-25,2024-01-06
Battle of the Atlantic 2013,https://gol.gg/tournament/tournament-stats/Battle%20of%20the%20Atlantic%202013/,WR,10,2013-12-14,2013-12-22
Season 3 World Championship,https://gol.gg/tournament/tournament-stats/Season%203%20World%20Championship/,WR,63,2013-09-16,2013-10-04
Battle of the Atlantic 2013,https://gol.gg/tournament/tournament-stats/Battle%20of%20the%20Atlantic%202013/,WR,10,2013-12-14,2013-12-22
Season 3 World Championship,https://gol.gg/tournament/tournament-stats/Season%203%20World%20Championship/,WR,63,2013-09-16,2013-10-04
IEM San Jose 2015,https://gol.gg/tournament/tournament-stats/IEM%20San%20Jose%202015/,WR,11,2015-11-21,2015-11-23
World Championship 2015,https://gol.gg/tournament/tournament-stats/World%20Championship%202015/,WR,73,2015-10-01,2015-10-31
LCK Spring Promotion 2015,https://gol.gg/tournament/tournament-stats/LCK%20Spring%20Promotion%202015/,KR,8,2015-09-11,2015-09-12
NA LCS Spring Promotion 2015,https://gol.gg/tournament/tournament-stats/NA%20LCS%20Spring%20Promotion%202015/,NA,7,2015-09-06,2015-09-07
EU LCS Spring Promotion 2015,https://gol.gg/tournament/tournament-stats/EU%20LCS%20Spring%20Promotion%202015/,EUW,8,2015-09-05,2015-09-05
LPL Regional Qualifiers 2015,https://gol.gg/tournament/tournament-stats/LPL%20Regional%20Qualifiers%202015/,CN,14,2015-09-04,2015-09-05
LCK Regional Qualifier 2015,https://gol.gg/tournament/tournament-stats/LCK%20Regional%20Qualifier%202015/,KR,12,2015-09-02,2015-09-05
IWC Desafio 2015,https://gol.gg/tournament/tournament-stats/IWC%20Desafio%202015/,WR,9,2015-08-29,2015-09-05
EU Regional Qualifiers 2015,https://gol.gg/tournament/tournament-stats/EU%20Regional%20Qualifiers%202015/,EUW,11,2015-08-29,2015-08-31
NA Regional Qualifiers 2015,https://gol.gg/tournament/tournament-stats/NA%20Regional%20Qualifiers%202015/,NA,14,2015-08-29,2015-08-31
IWC Turkey 2015,https://gol.gg/tournament/tournament-stats/IWC%20Turkey%202015/,WR,16,2015-08-26,2015-08-29
LCK Summer Playoffs 2015,https://gol.gg/tournament/tournament-stats/LCK%20Summer%20Playoffs%202015/,KR,14,2015-08-16,2015-08-29
LPL Summer Playoffs 2015,https://gol.gg/tournament/tournament-stats/LPL%20Summer%20Playoffs%202015/,CN,37,2015-08-11,2015-08-23
NA LCS Summer Playoffs 2015,https://gol.gg/tournament/tournament-stats/NA%20LCS%20Summer%20Playoffs%202015/,NA,21,2015-08-08,2015-08-23
EU LCS Summer Playoffs 2015,https://gol.gg/tournament/tournament-stats/EU%20LCS%20Summer%20Playoffs%202015/,EUW,23,2015-08-08,2015-08-23
LMS Regional 2015,https://gol.gg/tournament/tournament-stats/LMS%20Regional%202015/,TW,13,2015-08-14,2015-08-16
LCK Summer 2015,https://gol.gg/tournament/tournament-stats/LCK%20Summer%202015/,KR,217,2015-05-20,2015-08-13
LPL Summer 2015,https://gol.gg/tournament/tournament-stats/LPL%20Summer%202015/,CN,264,2015-05-22,2015-08-09
NA LCS Summer 2015,https://gol.gg/tournament/tournament-stats/NA%20LCS%20Summer%202015/,NA,93,2015-05-30,2015-07-26
LMS Summer Playoffs 2015,https://gol.gg/tournament/tournament-stats/LMS%20Summer%20Playoffs%202015/,TW,11,2015-07-24,2015-07-26
EU LCS Summer 2015,https://gol.gg/tournament/tournament-stats/EU%20LCS%20Summer%202015/,EUW,91,2015-05-28,2015-07-24
Mid-Season Invitational 2015,https://gol.gg/tournament/tournament-stats/Mid-Season%20Invitational%202015/,WR,28,2015-05-07,2015-05-10
LCK Spring Playoffs 2015,https://gol.gg/tournament/tournament-stats/LCK%20Spring%20Playoffs%202015/,KR,11,2015-04-17,2015-05-02
LPL Spring Playoffs 2015,https://gol.gg/tournament/tournament-stats/LPL%20Spring%20Playoffs%202015/,CN,32,2015-04-14,2015-04-26
International Wildcard 2015,https://gol.gg/tournament/tournament-stats/International%20Wildcard%202015/,WR,7,2015-04-24,2015-04-25
NA LCS Spring Playoffs 2015,https://gol.gg/tournament/tournament-stats/NA%20LCS%20Spring%20Playoffs%202015/,NA,25,2015-04-04,2015-04-19
EU LCS Spring Playoffs 2015,https://gol.gg/tournament/tournament-stats/EU%20LCS%20Spring%20Playoffs%202015/,EUW,27,2015-04-04,2015-04-19
LMS Spring Playoffs 2015,https://gol.gg/tournament/tournament-stats/LMS%20Spring%20Playoffs%202015/,TW,10,2015-04-10,2015-04-12
LPL Spring 2015,https://gol.gg/tournament/tournament-stats/LPL%20Spring%202015/,CN,264,2015-01-16,2015-04-12
Champions Spring 2015,https://gol.gg/tournament/tournament-stats/Champions%20Spring%202015/,KR,128,2015-01-07,2015-04-11
NA LCS Spring 2015,https://gol.gg/tournament/tournament-stats/NA%20LCS%20Spring%202015/,NA,92,2015-01-25,2015-03-30
EU LCS Spring 2015,https://gol.gg/tournament/tournament-stats/EU%20LCS%20Spring%202015/,EUW,91,2015-01-23,2015-03-28
IEM Katowice 2015,https://gol.gg/tournament/tournament-stats/IEM%20Katowice%202015/,WR,19,2015-03-13,2015-03-15
IEM Cologne 2014,https://gol.gg/tournament/tournament-stats/IEM%20Cologne%202014/,WR,14,2014-12-19,2014-12-21
OGN Champions Preseason 2015,https://gol.gg/tournament/tournament-stats/OGN%20Champions%20Preseason%202015/,KR,36,2014-12-03,2014-12-20
IEM San Jose 2014,https://gol.gg/tournament/tournament-stats/IEM%20San%20Jose%202014/,WR,12,2014-12-06,2014-12-07
IEM Oakland 2016,https://gol.gg/tournament/tournament-stats/IEM%20Oakland%202016/,WR,14,2016-11-19,2016-11-21
World Championship 2016,https://gol.gg/tournament/tournament-stats/World%20Championship%202016/,WR,77,2016-09-29,2016-10-30
NA Regional Qualifiers 2016,https://gol.gg/tournament/tournament-stats/NA%20Regional%20Qualifiers%202016/,NA,10,2016-09-03,2016-09-05
EU Regional Qualifiers 2016,https://gol.gg/tournament/tournament-stats/EU%20Regional%20Qualifiers%202016/,EUW,11,2016-09-03,2016-09-05
LMS Regional Qualifiers 2016,https://gol.gg/tournament/tournament-stats/LMS%20Regional%20Qualifiers%202016/,TW,11,2016-09-02,2016-09-04
IWC Qualifier 2016,https://gol.gg/tournament/tournament-stats/IWC%20Qualifier%202016/,WR,38,2016-08-24,2016-09-04
LCK Regional Qualifiers 2016,https://gol.gg/tournament/tournament-stats/LCK%20Regional%20Qualifiers%202016/,KR,14,2016-08-29,2016-09-03
LPL Regional Qualifiers 2016,https://gol.gg/tournament/tournament-stats/LPL%20Regional%20Qualifiers%202016/,CN,15,2016-08-27,2016-08-28
NA LCS Summer Playoffs 2016,https://gol.gg/tournament/tournament-stats/NA%20LCS%20Summer%20Playoffs%202016/,NA,25,2016-08-13,2016-08-28
EU LCS Summer Playoffs 2016,https://gol.gg/tournament/tournament-stats/EU%20LCS%20Summer%20Playoffs%202016/,EUW,24,2016-08-13,2016-08-28
LCK Spring Promo 2017,https://gol.gg/tournament/tournament-stats/LCK%20Spring%20Promo%202017/,KR,14,2016-08-22,2016-08-27
LPL Summer Playoffs 2016,https://gol.gg/tournament/tournament-stats/LPL%20Summer%20Playoffs%202016/,CN,32,2016-08-10,2016-08-26
LMS Summer Playoffs 2016,https://gol.gg/tournament/tournament-stats/LMS%20Summer%20Playoffs%202016/,TW,11,2016-08-17,2016-08-21
LCK Summer Playoffs 2016,https://gol.gg/tournament/tournament-stats/LCK%20Summer%20Playoffs%202016/,KR,15,2016-08-08,2016-08-20
NA LCS 2017 Spring Promo,https://gol.gg/tournament/tournament-stats/NA%20LCS%202017%20Spring%20Promo/,NA,14,2016-08-04,2016-08-07
EU LCS 2017 Spring Promo,https://gol.gg/tournament/tournament-stats/EU%20LCS%202017%20Spring%20Promo/,EUW,18,2016-08-04,2016-08-07
LPL Summer 2016,https://gol.gg/tournament/tournament-stats/LPL%20Summer%202016/,CN,232,2016-05-26,2016-08-07
LCK Summer 2016,https://gol.gg/tournament/tournament-stats/LCK%20Summer%202016/,KR,212,2016-05-25,2016-08-06
EU LCS Summer 2016,https://gol.gg/tournament/tournament-stats/EU%20LCS%20Summer%202016/,EUW,182,2016-06-02,2016-07-31
NA LCS Summer 2016,https://gol.gg/tournament/tournament-stats/NA%20LCS%20Summer%202016/,NA,218,2016-06-03,2016-07-31
Mid-Season Invitational 2016,https://gol.gg/tournament/tournament-stats/Mid-Season%20Invitational%202016/,WR,41,2016-05-04,2016-05-15
LCK Summer Promo 2016,https://gol.gg/tournament/tournament-stats/LCK%20Summer%20Promo%202016/,KR,7,2016-04-28,2016-04-29
IWCI Playoffs 2016,https://gol.gg/tournament/tournament-stats/IWCI%20Playoffs%202016/,WR,10,2016-04-20,2016-04-23
LPL Spring Playoffs 2016,https://gol.gg/tournament/tournament-stats/LPL%20Spring%20Playoffs%202016/,CN,24,2016-04-13,2016-04-23
LCK Spring Playoffs 2016,https://gol.gg/tournament/tournament-stats/LCK%20Spring%20Playoffs%202016/,KR,13,2016-04-13,2016-04-23
LMS Spring Playoffs 2016,https://gol.gg/tournament/tournament-stats/LMS%20Spring%20Playoffs%202016/,TW,11,2016-04-15,2016-04-17
NA LCS Spring Playoffs 2016,https://gol.gg/tournament/tournament-stats/NA%20LCS%20Spring%20Playoffs%202016/,NA,23,2016-04-02,2016-04-17
EU LCS Spring Playoffs 2016,https://gol.gg/tournament/tournament-stats/EU%20LCS%20Spring%20Playoffs%202016/,EUW,25,2016-04-02,2016-04-17
LPL Spring 2016,https://gol.gg/tournament/tournament-stats/LPL%20Spring%202016/,CN,226,2016-01-14,2016-04-10
LCK Spring 2016,https://gol.gg/tournament/tournament-stats/LCK%20Spring%202016/,KR,215,2016-01-13,2016-04-09
NA LCS Summer Promo 2016,https://gol.gg/tournament/tournament-stats/NA%20LCS%20Summer%20Promo%202016/,NA,13,2016-04-06,2016-04-08
EU LCS Summer Promo 2016,https://gol.gg/tournament/tournament-stats/EU%20LCS%20Summer%20Promo%202016/,EUW,18,2016-03-24,2016-03-27
NA LCS Spring 2016,https://gol.gg/tournament/tournament-stats/NA%20LCS%20Spring%202016/,NA,90,2016-01-16,2016-03-20
EU LCS Spring 2016,https://gol.gg/tournament/tournament-stats/EU%20LCS%20Spring%202016/,EUW,90,2016-01-14,2016-03-18
IEM Katowice 2016,https://gol.gg/tournament/tournament-stats/IEM%20Katowice%202016/,WR,25,2016-03-04,2016-03-06
IEM Cologne 2015,https://gol.gg/tournament/tournament-stats/IEM%20Cologne%202015/,WR,17,2015-12-18,2015-12-20
World Championship 2017,https://gol.gg/tournament/tournament-stats/World%20Championship%202017/,WR,80,2017-10-05,2017-11-04
World Championship Play-In 2017,https://gol.gg/tournament/tournament-stats/World%20Championship%20Play-In%202017/,WR,39,2017-09-23,2017-09-29
LCK Spring Promotion 2018,https://gol.gg/tournament/tournament-stats/LCK%20Spring%20Promotion%202018/,KR,16,2017-09-12,2017-09-16
NA LCS Regional Qualifiers 2017,https://gol.gg/tournament/tournament-stats/NA%20LCS%20Regional%20Qualifiers%202017/,NA,11,2017-09-08,2017-09-10
EU LCS Regional Qualifiers 2017,https://gol.gg/tournament/tournament-stats/EU%20LCS%20Regional%20Qualifiers%202017/,EUW,11,2017-09-08,2017-09-10
LPL Regional Qualifiers 2017,https://gol.gg/tournament/tournament-stats/LPL%20Regional%20Qualifiers%202017/,CN,8,2017-09-02,2017-09-03
NA LCS Summer Playoffs 2017,https://gol.gg/tournament/tournament-stats/NA%20LCS%20Summer%20Playoffs%202017/,NA,23,2017-08-19,2017-09-03
EU LCS Summer Playoffs 2017,https://gol.gg/tournament/tournament-stats/EU%20LCS%20Summer%20Playoffs%202017/,EUW,23,2017-08-19,2017-09-03
LCL Summer Playoffs 2017,https://gol.gg/tournament/tournament-stats/LCL%20Summer%20Playoffs%202017/,CIS,12,2017-08-19,2017-09-03
CBLOL Winter Playoffs 2017,https://gol.gg/tournament/tournament-stats/CBLOL%20Winter%20Playoffs%202017/,BR,13,2017-08-19,2017-09-02
LCK Regional Qualifiers 2017,https://gol.gg/tournament/tournament-stats/LCK%20Regional%20Qualifiers%202017/,KR,13,2017-08-28,2017-09-02
LPL Summer Playoffs 2017,https://gol.gg/tournament/tournament-stats/LPL%20Summer%20Playoffs%202017/,CN,31,2017-08-22,2017-09-01
LMS Regional Qualifiers 2017,https://gol.gg/tournament/tournament-stats/LMS%20Regional%20Qualifiers%202017/,TW,12,2017-08-26,2017-08-28
LCK Summer Playoffs 2017,https://gol.gg/tournament/tournament-stats/LCK%20Summer%20Playoffs%202017/,KR,14,2017-08-12,2017-08-26
EU LCS Spring Promotion 2017,https://gol.gg/tournament/tournament-stats/EU%20LCS%20Spring%20Promotion%202017/,EUW,20,2017-08-17,2017-08-25
LMS Summer Playoffs 2017,https://gol.gg/tournament/tournament-stats/LMS%20Summer%20Playoffs%202017/,TW,12,2017-08-18,2017-08-25
LPL Summer 2017,https://gol.gg/tournament/tournament-stats/LPL%20Summer%202017/,CN,233,2017-06-08,2017-08-20
EU LCS Summer 2017,https://gol.gg/tournament/tournament-stats/EU%20LCS%20Summer%202017/,EUW,153,2017-06-01,2017-08-13
NA LCS Spring Promotion 2018,https://gol.gg/tournament/tournament-stats/NA%20LCS%20Spring%20Promotion%202018/,NA,19,2017-08-11,2017-08-13
EU CS Summer 2017,https://gol.gg/tournament/tournament-stats/EU%20CS%20Summer%202017/,EUW,37,2017-06-18,2017-08-06
LCL Summer 2017,https://gol.gg/tournament/tournament-stats/LCL%20Summer%202017/,CIS,60,2017-06-24,2017-08-06
LCK Summer 2017,https://gol.gg/tournament/tournament-stats/LCK%20Summer%202017/,KR,219,2017-05-30,2017-08-06
NA LCS Summer 2017,https://gol.gg/tournament/tournament-stats/NA%20LCS%20Summer%202017/,NA,226,2017-06-03,2017-08-06
LMS Summer 2017,https://gol.gg/tournament/tournament-stats/LMS%20Summer%202017/,TW,132,2017-06-03,2017-08-06
NA CS Summer 2017,https://gol.gg/tournament/tournament-stats/NA%20CS%20Summer%202017/,NA,82,2017-06-08,2017-07-28
CBLOL Winter 2017,https://gol.gg/tournament/tournament-stats/CBLOL%20Winter%202017/,BR,56,2017-06-03,2017-07-23
LCK-LPL-LMS Rift Rivals 2017,https://gol.gg/tournament/tournament-stats/LCK-LPL-LMS%20Rift%20Rivals%202017/,WR,21,2017-07-06,2017-07-09
LCL-TCL Rift Rivals 2017,https://gol.gg/tournament/tournament-stats/LCL-TCL%20Rift%20Rivals%202017/,WR,19,2017-07-06,2017-07-09
EU-NA Rift Rivals 2017,https://gol.gg/tournament/tournament-stats/EU-NA%20Rift%20Rivals%202017/,WR,21,2017-07-05,2017-07-08
CBLOL-LLN-CLS Rift Rivals 2017,https://gol.gg/tournament/tournament-stats/CBLOL-LLN-CLS%20Rift%20Rivals%202017/,WR,22,2017-07-05,2017-07-08
GPL-OPL-LJL Rift Rivals 2017,https://gol.gg/tournament/tournament-stats/GPL-OPL-LJL%20Rift%20Rivals%202017/,WR,18,2017-07-03,2017-07-06
Mid-Season Invitational 2017,https://gol.gg/tournament/tournament-stats/Mid-Season%20Invitational%202017/,WR,42,2017-05-10,2017-05-21
MSI Play-In 2017,https://gol.gg/tournament/tournament-stats/MSI%20Play-In%202017/,WR,36,2017-04-28,2017-05-06
LPL Spring Playoffs 2017,https://gol.gg/tournament/tournament-stats/LPL%20Spring%20Playoffs%202017/,CN,31,2017-04-18,2017-04-29
LMS Spring Playoffs 2017,https://gol.gg/tournament/tournament-stats/LMS%20Spring%20Playoffs%202017/,TW,11,2017-04-21,2017-04-23
EU LCS Spring Playoffs 2017,https://gol.gg/tournament/tournament-stats/EU%20LCS%20Spring%20Playoffs%202017/,EUW,23,2017-04-08,2017-04-23
NA LCS Spring Playoffs 2017,https://gol.gg/tournament/tournament-stats/NA%20LCS%20Spring%20Playoffs%202017/,NA,24,2017-04-08,2017-04-23
LCK Spring Playoffs 2017,https://gol.gg/tournament/tournament-stats/LCK%20Spring%20Playoffs%202017/,KR,11,2017-04-07,2017-04-22
LPL Spring 2017,https://gol.gg/tournament/tournament-stats/LPL%20Spring%202017/,CN,231,2017-01-19,2017-04-16
EU LCS Summer Promotion 2017,https://gol.gg/tournament/tournament-stats/EU%20LCS%20Summer%20Promotion%202017/,EUW,18,2017-04-06,2017-04-14
LCL Spring Playoffs 2017,https://gol.gg/tournament/tournament-stats/LCL%20Spring%20Playoffs%202017/,CIS,14,2017-04-01,2017-04-09
LMS Spring 2017,https://gol.gg/tournament/tournament-stats/LMS%20Spring%202017/,TW,125,2017-01-21,2017-04-09
CBLOL Summer Playoffs 2017,https://gol.gg/tournament/tournament-stats/CBLOL%20Summer%20Playoffs%202017/,BR,11,2017-03-25,2017-04-08
NA LCS Summer Promotion 2017,https://gol.gg/tournament/tournament-stats/NA%20LCS%20Summer%20Promotion%202017/,NA,22,2017-04-01,2017-04-02
LCK Spring 2017,https://gol.gg/tournament/tournament-stats/LCK%20Spring%202017/,KR,222,2017-01-17,2017-04-02
EU LCS Spring 2017,https://gol.gg/tournament/tournament-stats/EU%20LCS%20Spring%202017/,EUW,156,2017-01-19,2017-04-02
EU CS Spring 2017,https://gol.gg/tournament/tournament-stats/EU%20CS%20Spring%202017/,EUW,39,2017-02-05,2017-03-26
NA LCS Spring 2017,https://gol.gg/tournament/tournament-stats/NA%20LCS%20Spring%202017/,NA,221,2017-01-21,2017-03-26
LCL Spring 2017,https://gol.gg/tournament/tournament-stats/LCL%20Spring%202017/,CIS,55,2017-01-28,2017-03-19
NA CS Spring 2017,https://gol.gg/tournament/tournament-stats/NA%20CS%20Spring%202017/,NA,41,2017-01-26,2017-03-16
CBLOL Summer 2017,https://gol.gg/tournament/tournament-stats/CBLOL%20Summer%202017/,BR,56,2017-01-21,2017-03-12
IEM Katowice 2017,https://gol.gg/tournament/tournament-stats/IEM%20Katowice%202017/,WR,27,2017-02-22,2017-02-26
IEM Gyeonggi 2016,https://gol.gg/tournament/tournament-stats/IEM%20Gyeonggi%202016/,WR,26,2016-12-14,2016-12-18
World Championship 2018,https://gol.gg/tournament/tournament-stats/World%20Championship%202018/,WR,77,2018-10-10,2018-11-03
World Championship Play-In 2018,https://gol.gg/tournament/tournament-stats/World%20Championship%20Play-In%202018/,WR,42,2018-10-01,2018-10-07
EU Masters Summer 2018,https://gol.gg/tournament/tournament-stats/EU%20Masters%20Summer%202018/,EUW,42,2018-09-17,2018-09-30
VCS Summer Playoffs 2018,https://gol.gg/tournament/tournament-stats/VCS%20Summer%20Playoffs%202018/,VN,13,2018-09-07,2018-09-22
LMS Regional Qualifiers 2018,https://gol.gg/tournament/tournament-stats/LMS%20Regional%20Qualifiers%202018/,TW,12,2018-09-20,2018-09-22
LCK Spring Promotion 2019,https://gol.gg/tournament/tournament-stats/LCK%20Spring%20Promotion%202019/,KR,14,2018-09-18,2018-09-22
LPL Regional Qualifiers 2018,https://gol.gg/tournament/tournament-stats/LPL%20Regional%20Qualifiers%202018/,CN,9,2018-09-15,2018-09-16
NA LCS Regional Qualifiers 2018,https://gol.gg/tournament/tournament-stats/NA%20LCS%20Regional%20Qualifiers%202018/,NA,9,2018-09-14,2018-09-16
EU LCS Regional Qualifiers 2018,https://gol.gg/tournament/tournament-stats/EU%20LCS%20Regional%20Qualifiers%202018/,EUW,14,2018-09-14,2018-09-16
LCK Regional Qualifiers 2018,https://gol.gg/tournament/tournament-stats/LCK%20Regional%20Qualifiers%202018/,KR,13,2018-09-12,2018-09-16
TCL Summer Playoffs 2018,https://gol.gg/tournament/tournament-stats/TCL%20Summer%20Playoffs%202018/,TR,20,2018-08-25,2018-09-16
LJL Summer Playoffs 2018,https://gol.gg/tournament/tournament-stats/LJL%20Summer%20Playoffs%202018/,JP,7,2018-09-08,2018-09-15
LMS Summer Playoffs 2018,https://gol.gg/tournament/tournament-stats/LMS%20Summer%20Playoffs%202018/,TW,10,2018-09-07,2018-09-15
LPL Summer Playoffs 2018,https://gol.gg/tournament/tournament-stats/LPL%20Summer%20Playoffs%202018/,CN,32,2018-09-05,2018-09-14
EU Masters 2018 Summer Play-In,https://gol.gg/tournament/tournament-stats/EU%20Masters%202018%20Summer%20Play-In/,EUW,23,2018-09-10,2018-09-13
NA LCS Summer Playoffs 2018,https://gol.gg/tournament/tournament-stats/NA%20LCS%20Summer%20Playoffs%202018/,NA,25,2018-08-25,2018-09-09
EU LCS Summer Playoffs 2018,https://gol.gg/tournament/tournament-stats/EU%20LCS%20Summer%20Playoffs%202018/,EUW,24,2018-08-24,2018-09-09
CLS Closing Playoffs 2018,https://gol.gg/tournament/tournament-stats/CLS%20Closing%20Playoffs%202018/,LAS,18,2018-08-30,2018-09-09
LCK Summer Playoffs 2018,https://gol.gg/tournament/tournament-stats/LCK%20Summer%20Playoffs%202018/,KR,16,2018-08-12,2018-09-08
LLN Summer Playoffs 2018,https://gol.gg/tournament/tournament-stats/LLN%20Summer%20Playoffs%202018/,LAN,19,2018-08-31,2018-09-08
CBLOL Winter Playoffs 2018,https://gol.gg/tournament/tournament-stats/CBLOL%20Winter%20Playoffs%202018/,BR,16,2018-08-11,2018-09-08
LCL Summer Playoffs 2018,https://gol.gg/tournament/tournament-stats/LCL%20Summer%20Playoffs%202018/,CIS,13,2018-08-25,2018-09-02
LPL Summer 2018,https://gol.gg/tournament/tournament-stats/LPL%20Summer%202018/,CN,328,2018-06-11,2018-09-02
LVP Summer 2018,https://gol.gg/tournament/tournament-stats/LVP%20Summer%202018/,ES,126,2018-05-26,2018-09-02
OPL Split 2 Playoffs 2018,https://gol.gg/tournament/tournament-stats/OPL%20Split%202%20Playoffs%202018/,OCE,15,2018-08-24,2018-09-02
NA Academy Summer Playoffs 2018,https://gol.gg/tournament/tournament-stats/NA%20Academy%20Summer%20Playoffs%202018/,NA,23,2018-08-17,2018-09-01
Hitpoint LEGENDS 2,https://gol.gg/tournament/tournament-stats/Hitpoint%20LEGENDS%202/,CZ,12,2018-08-26,2018-08-27
LLN Summer 2018,https://gol.gg/tournament/tournament-stats/LLN%20Summer%202018/,LAN,56,2018-06-17,2018-08-26
CLS Closing 2018,https://gol.gg/tournament/tournament-stats/CLS%20Closing%202018/,LAS,84,2018-06-16,2018-08-26
NA LCS Summer 2018,https://gol.gg/tournament/tournament-stats/NA%20LCS%20Summer%202018/,NA,94,2018-06-16,2018-08-21
TCL Summer 2018,https://gol.gg/tournament/tournament-stats/TCL%20Summer%202018/,TR,112,2018-06-16,2018-08-20
SEA Tour Summer 2018,https://gol.gg/tournament/tournament-stats/SEA%20Tour%20Summer%202018/,SEA,36,2018-08-13,2018-08-19
LCL Summer 2018,https://gol.gg/tournament/tournament-stats/LCL%20Summer%202018/,CIS,58,2018-07-21,2018-08-19
VCS Summer 2018,https://gol.gg/tournament/tournament-stats/VCS%20Summer%202018/,VN,130,2018-06-21,2018-08-19
EU LCS Summer 2018,https://gol.gg/tournament/tournament-stats/EU%20LCS%20Summer%202018/,EUW,93,2018-06-15,2018-08-19
LMS Summer 2018,https://gol.gg/tournament/tournament-stats/LMS%20Summer%202018/,TW,136,2018-06-23,2018-08-18
OPL Split 2 2018,https://gol.gg/tournament/tournament-stats/OPL%20Split%202%202018/,OCE,94,2018-06-08,2018-08-18
LJL Summer 2018,https://gol.gg/tournament/tournament-stats/LJL%20Summer%202018/,JP,75,2018-06-22,2018-08-11
NA Academy Summer 2018,https://gol.gg/tournament/tournament-stats/NA%20Academy%20Summer%202018/,NA,89,2018-06-15,2018-08-11
Hitpoint Masters Season 10,https://gol.gg/tournament/tournament-stats/Hitpoint%20Masters%20Season%2010/,CZ,29,2018-07-26,2018-08-09
LCK Summer 2018,https://gol.gg/tournament/tournament-stats/LCK%20Summer%202018/,KR,218,2018-06-12,2018-08-09
CBLOL Winter 2018,https://gol.gg/tournament/tournament-stats/CBLOL%20Winter%202018/,BR,70,2018-06-09,2018-08-05
LPLOL Summer 2018,https://gol.gg/tournament/tournament-stats/LPLOL%20Summer%202018/,PT,48,2018-05-21,2018-07-09
LLN-CLS-CBLOL Rift-Rivals 2018,https://gol.gg/tournament/tournament-stats/LLN-CLS-CBLOL%20Rift-Rivals%202018/,WR,21,2018-07-04,2018-07-08
LCK-LPL-LMS Rift-Rivals 2018,https://gol.gg/tournament/tournament-stats/LCK-LPL-LMS%20Rift-Rivals%202018/,WR,20,2018-07-05,2018-07-08
NA LCS-EULCS Rift-Rivals 2018,https://gol.gg/tournament/tournament-stats/NA%20LCS-EULCS%20Rift-Rivals%202018/,WR,13,2018-07-05,2018-07-07
LCL-TCL-VCS Rift-Rivals 2018,https://gol.gg/tournament/tournament-stats/LCL-TCL-VCS%20Rift-Rivals%202018/,WR,19,2018-07-04,2018-07-07
SEA-LJL-OPL Rift-Rivals 2018,https://gol.gg/tournament/tournament-stats/SEA-LJL-OPL%20Rift-Rivals%202018/,WR,19,2018-07-02,2018-07-05
Mid-Season Invitational 2018,https://gol.gg/tournament/tournament-stats/Mid-Season%20Invitational%202018/,WR,43,2018-05-11,2018-05-20
MSI Play-In 2018,https://gol.gg/tournament/tournament-stats/MSI%20Play-In%202018/,WR,31,2018-05-03,2018-05-09
EU Masters Spring 2018,https://gol.gg/tournament/tournament-stats/EU%20Masters%20Spring%202018/,EUW,57,2018-04-14,2018-04-29
LPL Spring Playoffs 2018,https://gol.gg/tournament/tournament-stats/LPL%20Spring%20Playoffs%202018/,CN,30,2018-04-12,2018-04-28
LMS Spring Playoffs 2018,https://gol.gg/tournament/tournament-stats/LMS%20Spring%20Playoffs%202018/,TW,10,2018-04-14,2018-04-22
LCK Summer Promotion 2018,https://gol.gg/tournament/tournament-stats/LCK%20Summer%20Promotion%202018/,KR,17,2018-04-17,2018-04-22
TCL Spring Playoffs 2018,https://gol.gg/tournament/tournament-stats/TCL%20Spring%20Playoffs%202018/,TR,21,2018-04-07,2018-04-22
LLN Spring Playoffs 2018,https://gol.gg/tournament/tournament-stats/LLN%20Spring%20Playoffs%202018/,LAN,21,2018-03-31,2018-04-21
LCK Spring Playoffs 2018,https://gol.gg/tournament/tournament-stats/LCK%20Spring%20Playoffs%202018/,KR,15,2018-03-31,2018-04-14
LJL Spring Playoffs 2018,https://gol.gg/tournament/tournament-stats/LJL%20Spring%20Playoffs%202018/,JP,7,2018-04-07,2018-04-14
CLS Opening Playoffs 2018,https://gol.gg/tournament/tournament-stats/CLS%20Opening%20Playoffs%202018/,LAS,20,2018-03-29,2018-04-14
LPL Spring 2018,https://gol.gg/tournament/tournament-stats/LPL%20Spring%202018/,CN,317,2018-01-15,2018-04-08
NA LCS Spring Playoffs 2018,https://gol.gg/tournament/tournament-stats/NA%20LCS%20Spring%20Playoffs%202018/,NA,22,2018-03-24,2018-04-08
EU LCS Spring Playoffs 2018,https://gol.gg/tournament/tournament-stats/EU%20LCS%20Spring%20Playoffs%202018/,EUW,24,2018-03-23,2018-04-08
CBLOL Summer Playoffs 2018,https://gol.gg/tournament/tournament-stats/CBLOL%20Summer%20Playoffs%202018/,BR,18,2018-03-17,2018-04-07
VCS Spring Playoffs 2018,https://gol.gg/tournament/tournament-stats/VCS%20Spring%20Playoffs%202018/,VN,13,2018-03-30,2018-04-07
Hitpoint LEGENDS 1,https://gol.gg/tournament/tournament-stats/Hitpoint%20LEGENDS%201/,CZ,9,2018-04-01,2018-04-02
LMS Spring 2018,https://gol.gg/tournament/tournament-stats/LMS%20Spring%202018/,TW,133,2018-01-20,2018-04-01
LCL Spring Playoffs 2018,https://gol.gg/tournament/tournament-stats/LCL%20Spring%20Playoffs%202018/,CIS,12,2018-03-17,2018-04-01
NA Academy Spring Playoffs 2018,https://gol.gg/tournament/tournament-stats/NA%20Academy%20Spring%20Playoffs%202018/,NA,12,2018-03-22,2018-03-31
OPL Split 1 Playoffs 2018,https://gol.gg/tournament/tournament-stats/OPL%20Split%201%20Playoffs%202018/,OCE,19,2018-03-23,2018-03-31
LJL Spring 2018,https://gol.gg/tournament/tournament-stats/LJL%20Spring%202018/,JP,69,2018-02-09,2018-03-30
TCL Spring 2018,https://gol.gg/tournament/tournament-stats/TCL%20Spring%202018/,TR,112,2018-01-20,2018-03-26
LCK Spring 2018,https://gol.gg/tournament/tournament-stats/LCK%20Spring%202018/,KR,214,2018-01-16,2018-03-25
LVP Spring 2018,https://gol.gg/tournament/tournament-stats/LVP%20Spring%202018/,ES,123,2018-01-28,2018-03-25
CLS Opening 2018,https://gol.gg/tournament/tournament-stats/CLS%20Opening%202018/,LAS,84,2018-01-20,2018-03-25
LLN Spring 2018,https://gol.gg/tournament/tournament-stats/LLN%20Spring%202018/,LAN,43,2018-01-20,2018-03-24
Hitpoint Masters Season 9,https://gol.gg/tournament/tournament-stats/Hitpoint%20Masters%20Season%209/,CZ,27,2018-03-06,2018-03-21
OPL Split 1 2018,https://gol.gg/tournament/tournament-stats/OPL%20Split%201%202018/,OCE,93,2018-01-20,2018-03-18
VCS Spring 2018,https://gol.gg/tournament/tournament-stats/VCS%20Spring%202018/,VN,134,2018-01-18,2018-03-18
NA LCS Spring 2018,https://gol.gg/tournament/tournament-stats/NA%20LCS%20Spring%202018/,NA,95,2018-01-20,2018-03-18
EU LCS Spring 2018,https://gol.gg/tournament/tournament-stats/EU%20LCS%20Spring%202018/,EUW,91,2018-01-19,2018-03-17
NA Academy Spring 2018,https://gol.gg/tournament/tournament-stats/NA%20Academy%20Spring%202018/,NA,91,2018-01-19,2018-03-16
CBLOL Summer 2018,https://gol.gg/tournament/tournament-stats/CBLOL%20Summer%202018/,BR,66,2018-01-20,2018-03-11
LCL Spring 2018,https://gol.gg/tournament/tournament-stats/LCL%20Spring%202018/,CIS,58,2018-02-10,2018-03-11
Kespa Cup 2017,https://gol.gg/tournament/tournament-stats/Kespa%20Cup%202017/,KR,46,2017-11-20,2017-12-02
Challenge France 2017,https://gol.gg/tournament/tournament-stats/Challenge%20France%202017/,EUW,41,2017-11-10,2017-11-29
World Championship 2019,https://gol.gg/tournament/tournament-stats/World%20Championship%202019/,WR,77,2019-10-12,2019-11-10
MCR LoL 2019,https://gol.gg/tournament/tournament-stats/MCR%20LoL%202019/,CZ,22,2019-11-08,2019-11-10
LFL Finals 2019,https://gol.gg/tournament/tournament-stats/LFL%20Finals%202019/,FR,9,2019-10-30,2019-10-31
World Championship Play-In 2019,https://gol.gg/tournament/tournament-stats/World%20Championship%20Play-In%202019/,WR,43,2019-10-02,2019-10-08
EU Master Summer 2019,https://gol.gg/tournament/tournament-stats/EU%20Master%20Summer%202019/,EUW,44,2019-09-16,2019-09-29
LJL Summer Playoffs 2019,https://gol.gg/tournament/tournament-stats/LJL%20Summer%20Playoffs%202019/,JP,9,2019-09-01,2019-09-16
LST Summer Playoffs 2019,https://gol.gg/tournament/tournament-stats/LST%20Summer%20Playoffs%202019/,SEA,12,2019-09-07,2019-09-15
LEC Regional Finals 2019,https://gol.gg/tournament/tournament-stats/LEC%20Regional%20Finals%202019/,EUW,11,2019-09-13,2019-09-15
LCL Summer Playoffs 2019,https://gol.gg/tournament/tournament-stats/LCL%20Summer%20Playoffs%202019/,CIS,13,2019-08-31,2019-09-15
VCS Summer Playoffs 2019,https://gol.gg/tournament/tournament-stats/VCS%20Summer%20Playoffs%202019/,VN,17,2019-08-24,2019-09-15
EU Master Summer Play-In 2019,https://gol.gg/tournament/tournament-stats/EU%20Master%20Summer%20Play-In%202019/,EUW,25,2019-09-09,2019-09-12
LCK Spring Promotion 2020,https://gol.gg/tournament/tournament-stats/LCK%20Spring%20Promotion%202020/,KR,16,2019-09-09,2019-09-11
LEC Summer Playoffs 2019,https://gol.gg/tournament/tournament-stats/LEC%20Summer%20Playoffs%202019/,EUW,24,2019-08-23,2019-09-08
LMS Regional Finals 2019,https://gol.gg/tournament/tournament-stats/LMS%20Regional%20Finals%202019/,TW,10,2019-09-06,2019-09-08
LCS Regional Finals 2019,https://gol.gg/tournament/tournament-stats/LCS%20Regional%20Finals%202019/,NA,13,2019-09-06,2019-09-08
LPL Regional Finals 2019,https://gol.gg/tournament/tournament-stats/LPL%20Regional%20Finals%202019/,CN,10,2019-09-07,2019-09-08
CBLOL Winter Playoffs 2019,https://gol.gg/tournament/tournament-stats/CBLOL%20Winter%20Playoffs%202019/,BR,12,2019-08-24,2019-09-07
LCK Regional Finals 2019,https://gol.gg/tournament/tournament-stats/LCK%20Regional%20Finals%202019/,KR,13,2019-09-03,2019-09-07
LPL Summer Playoffs 2019,https://gol.gg/tournament/tournament-stats/LPL%20Summer%20Playoffs%202019/,CN,31,2019-08-22,2019-09-06
LST Summer 2019,https://gol.gg/tournament/tournament-stats/LST%20Summer%202019/,SEA,62,2019-07-20,2019-09-01
LVP SLO Summer 2019,https://gol.gg/tournament/tournament-stats/LVP%20SLO%20Summer%202019/,ES,113,2019-06-03,2019-09-01
TCL Summer Playoffs 2019,https://gol.gg/tournament/tournament-stats/TCL%20Summer%20Playoffs%202019/,TR,20,2019-08-17,2019-08-31
LCK Summer Playoffs 2019,https://gol.gg/tournament/tournament-stats/LCK%20Summer%20Playoffs%202019/,KR,13,2019-08-21,2019-08-31
LLA Closing Playoffs 2019,https://gol.gg/tournament/tournament-stats/LLA%20Closing%20Playoffs%202019/,LAT,19,2019-08-10,2019-08-31
OPL Split 2 Playoffs 2019,https://gol.gg/tournament/tournament-stats/OPL%20Split%202%20Playoffs%202019/,OCE,14,2019-08-22,2019-08-31
LMS Summer Playoffs 2019,https://gol.gg/tournament/tournament-stats/LMS%20Summer%20Playoffs%202019/,TW,13,2019-08-23,2019-08-31
Ultraliga Season 2,https://gol.gg/tournament/tournament-stats/Ultraliga%20Season%202/,PL,86,2019-06-18,2019-08-28
LCL Summer 2019,https://gol.gg/tournament/tournament-stats/LCL%20Summer%202019/,CIS,57,2019-07-20,2019-08-25
Hitpoint LEGENDS 4,https://gol.gg/tournament/tournament-stats/Hitpoint%20LEGENDS%204/,CZ,14,2019-08-24,2019-08-25
LCS Summer Playoffs 2019,https://gol.gg/tournament/tournament-stats/LCS%20Summer%20Playoffs%202019/,NA,26,2019-08-10,2019-08-25
LPL Summer 2019,https://gol.gg/tournament/tournament-stats/LPL%20Summer%202019/,CN,287,2019-06-01,2019-08-18
LJL Summer 2019,https://gol.gg/tournament/tournament-stats/LJL%20Summer%202019/,JP,84,2019-06-15,2019-08-18
Hitpoint Masters Season 12,https://gol.gg/tournament/tournament-stats/Hitpoint%20Masters%20Season%2012/,CZ,36,2019-07-21,2019-08-18
LCK Summer 2019,https://gol.gg/tournament/tournament-stats/LCK%20Summer%202019/,KR,218,2019-06-05,2019-08-18
OPL Split 2 2019,https://gol.gg/tournament/tournament-stats/OPL%20Split%202%202019/,OCE,84,2019-06-07,2019-08-17
NA Academy Summer Playoffs 2019,https://gol.gg/tournament/tournament-stats/NA%20Academy%20Summer%20Playoffs%202019/,NA,20,2019-08-02,2019-08-17
LEC Summer 2019,https://gol.gg/tournament/tournament-stats/LEC%20Summer%202019/,EUW,91,2019-06-07,2019-08-17
VCS Summer 2019,https://gol.gg/tournament/tournament-stats/VCS%20Summer%202019/,VN,135,2019-06-20,2019-08-11
CBLOL Winter 2019,https://gol.gg/tournament/tournament-stats/CBLOL%20Winter%202019/,BR,84,2019-06-01,2019-08-10
LPLOL Summer 2019,https://gol.gg/tournament/tournament-stats/LPLOL%20Summer%202019/,PT,82,2019-06-08,2019-08-06
TCL Summer 2019,https://gol.gg/tournament/tournament-stats/TCL%20Summer%202019/,TR,91,2019-06-08,2019-08-04
LMS Summer 2019,https://gol.gg/tournament/tournament-stats/LMS%20Summer%202019/,TW,102,2019-06-13,2019-08-04
LCS Summer 2019,https://gol.gg/tournament/tournament-stats/LCS%20Summer%202019/,NA,93,2019-06-01,2019-08-04
LLA Closing 2019,https://gol.gg/tournament/tournament-stats/LLA%20Closing%202019/,LAT,84,2019-06-08,2019-08-04
LFL Summer 2019,https://gol.gg/tournament/tournament-stats/LFL%20Summer%202019/,FR,69,2019-05-21,2019-07-31
NA Academy Summer 2019,https://gol.gg/tournament/tournament-stats/NA%20Academy%20Summer%202019/,NA,90,2019-05-31,2019-07-28
PG Nationals Summer 2019,https://gol.gg/tournament/tournament-stats/PG%20Nationals%20Summer%202019/,IT,72,2019-06-02,2019-07-28
LCK-LPL-LMS-VCS Rift Rivals 2019,https://gol.gg/tournament/tournament-stats/LCK-LPL-LMS-VCS%20Rift%20Rivals%202019/,WR,19,2019-07-04,2019-07-07
NA-EU Rift Rivals 2019,https://gol.gg/tournament/tournament-stats/NA-EU%20Rift%20Rivals%202019/,WR,13,2019-06-27,2019-06-29
Mid-Season Invitational 2019,https://gol.gg/tournament/tournament-stats/Mid-Season%20Invitational%202019/,WR,42,2019-05-10,2019-05-19
MSI Play-In 2019,https://gol.gg/tournament/tournament-stats/MSI%20Play-In%202019/,WR,37,2019-05-01,2019-05-07
EU Master Spring 2019,https://gol.gg/tournament/tournament-stats/EU%20Master%20Spring%202019/,EUW,45,2019-04-15,2019-04-28
LST Spring 2019,https://gol.gg/tournament/tournament-stats/LST%20Spring%202019/,SEA,7,2019-04-20,2019-04-21
LPL Spring Playoffs 2019,https://gol.gg/tournament/tournament-stats/LPL%20Spring%20Playoffs%202019/,CN,31,2019-04-04,2019-04-21
LCK Summer Promotion 2019,https://gol.gg/tournament/tournament-stats/LCK%20Summer%20Promotion%202019/,KR,16,2019-04-16,2019-04-21
LLA Opening Playoffs 2019,https://gol.gg/tournament/tournament-stats/LLA%20Opening%20Playoffs%202019/,LAT,21,2019-03-30,2019-04-20
LMS Spring Playoffs 2019,https://gol.gg/tournament/tournament-stats/LMS%20Spring%20Playoffs%202019/,TW,12,2019-04-12,2019-04-20
LEC Spring Playoffs 2019,https://gol.gg/tournament/tournament-stats/LEC%20Spring%20Playoffs%202019/,EUW,21,2019-03-29,2019-04-14
LCL Spring Playoffs 2019,https://gol.gg/tournament/tournament-stats/LCL%20Spring%20Playoffs%202019/,CIS,10,2019-03-30,2019-04-14
VCS Spring Playoffs 2019,https://gol.gg/tournament/tournament-stats/VCS%20Spring%20Playoffs%202019/,VN,13,2019-03-30,2019-04-13
TCL Spring Playoffs 2019,https://gol.gg/tournament/tournament-stats/TCL%20Spring%20Playoffs%202019/,TR,17,2019-03-29,2019-04-13
CBLOL Summer Playoffs 2019,https://gol.gg/tournament/tournament-stats/CBLOL%20Summer%20Playoffs%202019/,BR,13,2019-04-06,2019-04-13
LCS Spring Playoffs 2019,https://gol.gg/tournament/tournament-stats/LCS%20Spring%20Playoffs%202019/,NA,22,2019-03-29,2019-04-13
LCK Spring Playoffs 2019,https://gol.gg/tournament/tournament-stats/LCK%20Spring%20Playoffs%202019/,KR,12,2019-04-03,2019-04-13
LJL Spring Playoffs 2019,https://gol.gg/tournament/tournament-stats/LJL%20Spring%20Playoffs%202019/,JP,6,2019-04-06,2019-04-13
EU Master 2019 Spring Play-In,https://gol.gg/tournament/tournament-stats/EU%20Master%202019%20Spring%20Play-In/,EUW,25,2019-04-08,2019-04-11
PG Nationals Spring 2019,https://gol.gg/tournament/tournament-stats/PG%20Nationals%20Spring%202019/,IT,73,2019-01-27,2019-04-07
OPL Split 1 Playoffs 2019,https://gol.gg/tournament/tournament-stats/OPL%20Split%201%20Playoffs%202019/,OCE,13,2019-03-28,2019-04-06
NA Academy Spring Playoffs 2019,https://gol.gg/tournament/tournament-stats/NA%20Academy%20Spring%20Playoffs%202019/,NA,19,2019-03-21,2019-04-06
LFL Spring 2019,https://gol.gg/tournament/tournament-stats/LFL%20Spring%202019/,FR,74,2019-01-22,2019-04-03
LCK Spring 2019,https://gol.gg/tournament/tournament-stats/LCK%20Spring%202019/,KR,208,2019-01-16,2019-03-31
LMS Spring 2019,https://gol.gg/tournament/tournament-stats/LMS%20Spring%202019/,TW,138,2019-01-17,2019-03-31
LPL Spring 2019,https://gol.gg/tournament/tournament-stats/LPL%20Spring%202019/,CN,292,2019-01-14,2019-03-31
LVP SLO Spring 2019,https://gol.gg/tournament/tournament-stats/LVP%20SLO%20Spring%202019/,ES,112,2019-01-30,2019-03-31
LVP UKLC Spring 2019,https://gol.gg/tournament/tournament-stats/LVP%20UKLC%20Spring%202019/,UK,59,2019-02-14,2019-03-29
Ultraliga Season 1,https://gol.gg/tournament/tournament-stats/Ultraliga%20Season%201/,PL,79,2019-01-22,2019-03-27
VCS Spring 2019,https://gol.gg/tournament/tournament-stats/VCS%20Spring%202019/,VN,134,2019-01-17,2019-03-24
LCL Spring 2019,https://gol.gg/tournament/tournament-stats/LCL%20Spring%202019/,CIS,57,2019-02-16,2019-03-24
Hitpoint LEGENDS 3,https://gol.gg/tournament/tournament-stats/Hitpoint%20LEGENDS%203/,CZ,11,2019-03-23,2019-03-24
LCS Spring 2019,https://gol.gg/tournament/tournament-stats/LCS%20Spring%202019/,NA,91,2019-01-26,2019-03-24
CBLOL Summer 2019,https://gol.gg/tournament/tournament-stats/CBLOL%20Summer%202019/,BR,84,2019-01-12,2019-03-24
LLA Opening 2019,https://gol.gg/tournament/tournament-stats/LLA%20Opening%202019/,LAT,84,2019-01-19,2019-03-24
OPL Split 1 2019,https://gol.gg/tournament/tournament-stats/OPL%20Split%201%202019/,OCE,84,2019-01-18,2019-03-23
LJL Spring 2019,https://gol.gg/tournament/tournament-stats/LJL%20Spring%202019/,JP,84,2019-01-19,2019-03-22
TCL Spring 2019,https://gol.gg/tournament/tournament-stats/TCL%20Spring%202019/,TR,91,2019-01-19,2019-03-18
Hitpoint Masters Season 11,https://gol.gg/tournament/tournament-stats/Hitpoint%20Masters%20Season%2011/,CZ,33,2019-02-17,2019-03-17
LEC Spring 2019,https://gol.gg/tournament/tournament-stats/LEC%20Spring%202019/,EUW,91,2019-01-18,2019-03-16
NA Academy Spring 2019,https://gol.gg/tournament/tournament-stats/NA%20Academy%20Spring%202019/,NA,90,2019-01-18,2019-03-16
LPLOL Spring 2019,https://gol.gg/tournament/tournament-stats/LPLOL%20Spring%202019/,PT,56,2019-01-28,2019-03-13
Kespa Cup Playoffs 2018,https://gol.gg/tournament/tournament-stats/Kespa%20Cup%20Playoffs%202018/,KR,19,2018-12-26,2018-12-31
Ultraliga Season 0,https://gol.gg/tournament/tournament-stats/Ultraliga%20Season%200/,PL,105,2018-10-22,2018-12-23
Hitpoint Masters 2020 Winter Playoffs,https://gol.gg/tournament/tournament-stats/Hitpoint%20Masters%202020%20Winter%20Playoffs/,CZ,23,2020-11-28,2020-12-06
LPLOL Grand Final 2020,https://gol.gg/tournament/tournament-stats/LPLOL%20Grand%20Final%202020/,PT,14,2020-11-16,2020-11-22
Hitpoint Masters Winter League 2020,https://gol.gg/tournament/tournament-stats/Hitpoint%20Masters%20Winter%20League%202020/,CZ,57,2020-10-18,2020-11-15
Prime League Grand Final 2020,https://gol.gg/tournament/tournament-stats/Prime%20League%20Grand%20Final%202020/,DE,46,2020-10-01,2020-11-15
Iberian Cup 2020,https://gol.gg/tournament/tournament-stats/Iberian%20Cup%202020/,WR,51,2020-10-21,2020-11-15
World Championship 2020,https://gol.gg/tournament/tournament-stats/World%20Championship%202020/,WR,76,2020-10-03,2020-10-31
LFL Finals 2020,https://gol.gg/tournament/tournament-stats/LFL%20Finals%202020/,FR,6,2020-10-06,2020-10-26
Iberian Cup 2020,https://gol.gg/tournament/tournament-stats/Iberian%20Cup%202020/,ES,5,2020-10-20,2020-10-20
LFL Summer Playoffs 2020,https://gol.gg/tournament/tournament-stats/LFL%20Summer%20Playoffs%202020/,FR,18,2020-09-28,2020-10-01
World Championship Play-In 2020,https://gol.gg/tournament/tournament-stats/World%20Championship%20Play-In%202020/,WR,38,2020-09-25,2020-09-30
LFL Summer 2020,https://gol.gg/tournament/tournament-stats/LFL%20Summer%202020/,FR,62,2020-07-28,2020-09-24
EU Masters Summer 2020,https://gol.gg/tournament/tournament-stats/EU%20Masters%20Summer%202020/,WR,69,2020-08-24,2020-09-20
LCK Regional Finals 2020,https://gol.gg/tournament/tournament-stats/LCK%20Regional%20Finals%202020/,KR,10,2020-09-07,2020-09-09
LCS Summer Playoffs 2020,https://gol.gg/tournament/tournament-stats/LCS%20Summer%20Playoffs%202020/,NA,48,2020-08-13,2020-09-06
LEC Summer Playoffs 2020,https://gol.gg/tournament/tournament-stats/LEC%20Summer%20Playoffs%202020/,EUW,30,2020-08-21,2020-09-06
LJL Summer Playoffs 2020,https://gol.gg/tournament/tournament-stats/LJL%20Summer%20Playoffs%202020/,JP,25,2020-08-16,2020-09-06
CBLOL Split 2 Playoffs 2020,https://gol.gg/tournament/tournament-stats/CBLOL%20Split%202%20Playoffs%202020/,BR,14,2020-08-22,2020-09-05
LCK Summer Playoffs 2020,https://gol.gg/tournament/tournament-stats/LCK%20Summer%20Playoffs%202020/,KR,14,2020-08-26,2020-09-05
TCL Summer Playoffs 2020,https://gol.gg/tournament/tournament-stats/TCL%20Summer%20Playoffs%202020/,TR,21,2020-08-15,2020-09-05
VCS Summer Playoffs 2020,https://gol.gg/tournament/tournament-stats/VCS%20Summer%20Playoffs%202020/,VN,34,2020-08-19,2020-09-05
LVP SLO Summer Playoffs 2020,https://gol.gg/tournament/tournament-stats/LVP%20SLO%20Summer%20Playoffs%202020/,ES,19,2020-08-10,2020-09-04
CK Summer Playoffs 2020,https://gol.gg/tournament/tournament-stats/CK%20Summer%20Playoffs%202020/,KR,10,2020-08-24,2020-08-31
LCL Summer Playoffs 2020,https://gol.gg/tournament/tournament-stats/LCL%20Summer%20Playoffs%202020/,CIS,10,2020-08-15,2020-08-30
LPL Regional Finals 2020,https://gol.gg/tournament/tournament-stats/LPL%20Regional%20Finals%202020/,CN,12,2020-08-28,2020-08-30
PCS Summer Playoffs 2020,https://gol.gg/tournament/tournament-stats/PCS%20Summer%20Playoffs%202020/,PCS,38,2020-08-13,2020-08-30
LLA Closing Playoffs 2020,https://gol.gg/tournament/tournament-stats/LLA%20Closing%20Playoffs%202020/,LAT,14,2020-08-15,2020-08-29
OPL Split 2 Playoffs 2020,https://gol.gg/tournament/tournament-stats/OPL%20Split%202%20Playoffs%202020/,OCE,23,2020-08-14,2020-08-28
NA Academy Summer Playoffs 2020,https://gol.gg/tournament/tournament-stats/NA%20Academy%20Summer%20Playoffs%202020/,NA,18,2020-08-14,2020-08-28
LPL Summer Playoffs 2020,https://gol.gg/tournament/tournament-stats/LPL%20Summer%20Playoffs%202020/,CN,30,2020-08-13,2020-08-27
LCK Summer 2020,https://gol.gg/tournament/tournament-stats/LCK%20Summer%202020/,KR,211,2020-06-17,2020-08-23
EU Masters Summer Play-In 2020,https://gol.gg/tournament/tournament-stats/EU%20Masters%20Summer%20Play-In%202020/,WR,61,2020-08-17,2020-08-20
CK Summer 2020,https://gol.gg/tournament/tournament-stats/CK%20Summer%202020/,KR,134,2020-06-18,2020-08-20
LFL EM Qualification 2020,https://gol.gg/tournament/tournament-stats/LFL%20EM%20Qualification%202020/,FR,15,2020-08-13,2020-08-16
Prime League Summer Playoffs 2020,https://gol.gg/tournament/tournament-stats/Prime%20League%20Summer%20Playoffs%202020/,DE,14,2020-08-05,2020-08-16
Ultraliga Season 5 Promotion Tournament,https://gol.gg/tournament/tournament-stats/Ultraliga%20Season%205%20Promotion%20Tournament/,PL,8,2020-08-16,2020-08-16
VCS Summer 2020,https://gol.gg/tournament/tournament-stats/VCS%20Summer%202020/,VN,135,2020-06-19,2020-08-16
BRCC Split 2 Playoffs 2020,https://gol.gg/tournament/tournament-stats/BRCC%20Split%202%20Playoffs%202020/,BR,12,2020-08-10,2020-08-15
Ultraliga Season 4,https://gol.gg/tournament/tournament-stats/Ultraliga%20Season%204/,PL,78,2020-06-09,2020-08-12
CBLOL Split 2 2020,https://gol.gg/tournament/tournament-stats/CBLOL%20Split%202%202020/,BR,84,2020-06-06,2020-08-09
LCL Summer 2020,https://gol.gg/tournament/tournament-stats/LCL%20Summer%202020/,CIS,57,2020-06-20,2020-08-09
LCS Summer 2020,https://gol.gg/tournament/tournament-stats/LCS%20Summer%202020/,NA,91,2020-06-12,2020-08-09
LEC Summer 2020,https://gol.gg/tournament/tournament-stats/LEC%20Summer%202020/,EUW,90,2020-06-12,2020-08-09
LLA Closing 2020,https://gol.gg/tournament/tournament-stats/LLA%20Closing%202020/,LAT,66,2020-06-20,2020-08-09
LPL Summer 2020,https://gol.gg/tournament/tournament-stats/LPL%20Summer%202020/,CN,335,2020-06-05,2020-08-09
OPL Split 2 2020,https://gol.gg/tournament/tournament-stats/OPL%20Split%202%202020/,OCE,84,2020-06-05,2020-08-08
NA Academy Summer 2020,https://gol.gg/tournament/tournament-stats/NA%20Academy%20Summer%202020/,NA,90,2020-06-11,2020-08-07
LVP SLO Summer 2020,https://gol.gg/tournament/tournament-stats/LVP%20SLO%20Summer%202020/,ES,91,2020-06-15,2020-08-06
LJL Summer 2020,https://gol.gg/tournament/tournament-stats/LJL%20Summer%202020/,JP,57,2020-06-13,2020-08-05
PG Nationals Summer 2020,https://gol.gg/tournament/tournament-stats/PG%20Nationals%20Summer%202020/,IT,91,2020-05-27,2020-08-02
TCL Summer 2020,https://gol.gg/tournament/tournament-stats/TCL%20Summer%202020/,TR,91,2020-06-06,2020-08-02
PCS Summer 2020,https://gol.gg/tournament/tournament-stats/PCS%20Summer%202020/,PCS,90,2020-06-20,2020-08-01
Prime League Summer 2020,https://gol.gg/tournament/tournament-stats/Prime%20League%20Summer%202020/,DE,90,2020-06-09,2020-07-30
BRCC Split 2 2020,https://gol.gg/tournament/tournament-stats/BRCC%20Split%202%202020/,BR,45,2020-06-08,2020-07-28
Hitpoint Masters Season 14,https://gol.gg/tournament/tournament-stats/Hitpoint%20Masters%20Season%2014/,CZ,55,2020-06-21,2020-07-26
LPLOL Summer 2020,https://gol.gg/tournament/tournament-stats/LPLOL%20Summer%202020/,PT,56,2020-06-08,2020-07-14
REL Season 2,https://gol.gg/tournament/tournament-stats/REL%20Season%202/,RO,52,2020-04-12,2020-06-07
Mid-Season Cup 2020,https://gol.gg/tournament/tournament-stats/Mid-Season%20Cup%202020/,WR,25,2020-05-28,2020-05-31
Mid-Season Showdown 2020,https://gol.gg/tournament/tournament-stats/Mid-Season%20Showdown%202020/,WR,20,2020-05-07,2020-05-30
CBLOL Split 2 Promotion 2020,https://gol.gg/tournament/tournament-stats/CBLOL%20Split%202%20Promotion%202020/,BR,5,2020-05-19,2020-05-19
BRCC Split 1 Playoffs 2020,https://gol.gg/tournament/tournament-stats/BRCC%20Split%201%20Playoffs%202020/,BR,10,2020-05-11,2020-05-16
EU Masters Spring 2020,https://gol.gg/tournament/tournament-stats/EU%20Masters%20Spring%202020/,WR,71,2020-04-22,2020-05-10
TCL Spring Playoffs 2020,https://gol.gg/tournament/tournament-stats/TCL%20Spring%20Playoffs%202020/,TR,18,2020-04-27,2020-05-10
CBLOL Split 1 Playoffs 2020,https://gol.gg/tournament/tournament-stats/CBLOL%20Split%201%20Playoffs%202020/,BR,9,2020-05-02,2020-05-09
BRCC Split 1 2020,https://gol.gg/tournament/tournament-stats/BRCC%20Split%201%202020/,BR,45,2020-02-03,2020-05-06
LJL Spring Playoffs 2020,https://gol.gg/tournament/tournament-stats/LJL%20Spring%20Playoffs%202020/,JP,26,2020-03-21,2020-05-04
PCS Spring Playoffs 2020,https://gol.gg/tournament/tournament-stats/PCS%20Spring%20Playoffs%202020/,PCS,40,2020-04-10,2020-05-03
LLA Opening Playoffs 2020,https://gol.gg/tournament/tournament-stats/LLA%20Opening%20Playoffs%202020/,LAT,13,2020-04-25,2020-05-02
LPL Spring Playoffs 2020,https://gol.gg/tournament/tournament-stats/LPL%20Spring%20Playoffs%202020/,CN,31,2020-04-22,2020-05-02
LCK Summer Promotion 2020,https://gol.gg/tournament/tournament-stats/LCK%20Summer%20Promotion%202020/,KR,12,2020-04-28,2020-04-30
CBLOL Split 1 2020,https://gol.gg/tournament/tournament-stats/CBLOL%20Split%201%202020/,BR,84,2020-01-25,2020-04-26
LCL Spring Playoffs 2020,https://gol.gg/tournament/tournament-stats/LCL%20Spring%20Playoffs%202020/,CIS,9,2020-04-18,2020-04-26
LCK Spring Playoffs 2020,https://gol.gg/tournament/tournament-stats/LCK%20Spring%20Playoffs%202020/,KR,15,2020-04-18,2020-04-25
OPL Split 1 Playoffs 2020,https://gol.gg/tournament/tournament-stats/OPL%20Split%201%20Playoffs%202020/,OCE,26,2020-04-10,2020-04-24
CK Spring 2020,https://gol.gg/tournament/tournament-stats/CK%20Spring%202020/,KR,151,2020-02-06,2020-04-23
LPL Spring 2020,https://gol.gg/tournament/tournament-stats/LPL%20Spring%202020/,CN,330,2020-01-13,2020-04-20
LCS Spring Playoffs 2020,https://gol.gg/tournament/tournament-stats/LCS%20Spring%20Playoffs%202020/,NA,31,2020-04-04,2020-04-19
LEC Spring Playoffs 2020,https://gol.gg/tournament/tournament-stats/LEC%20Spring%20Playoffs%202020/,EUW,31,2020-04-03,2020-04-19
LLA Opening 2020,https://gol.gg/tournament/tournament-stats/LLA%20Opening%202020/,LAT,66,2020-02-15,2020-04-19
VCS Spring Playoffs 2020,https://gol.gg/tournament/tournament-stats/VCS%20Spring%20Playoffs%202020/,VN,14,2020-04-10,2020-04-18
NA Academy Spring Playoffs 2020,https://gol.gg/tournament/tournament-stats/NA%20Academy%20Spring%20Playoffs%202020/,NA,17,2020-04-02,2020-04-17
LCK Spring 2020,https://gol.gg/tournament/tournament-stats/LCK%20Spring%202020/,KR,223,2020-02-05,2020-04-16
TCL Spring 2020,https://gol.gg/tournament/tournament-stats/TCL%20Spring%202020/,TR,73,2020-02-01,2020-04-14
LCL Spring 2020,https://gol.gg/tournament/tournament-stats/LCL%20Spring%202020/,CIS,58,2020-02-22,2020-04-12
EU Masters Spring Play-In 2020,https://gol.gg/tournament/tournament-stats/EU%20Masters%20Spring%20Play-In%202020/,WR,59,2020-04-06,2020-04-09
LFL Spring 2020,https://gol.gg/tournament/tournament-stats/LFL%20Spring%202020/,FR,71,2020-01-21,2020-04-09
PCS Spring 2020,https://gol.gg/tournament/tournament-stats/PCS%20Spring%202020/,PCS,92,2020-02-29,2020-04-05
VCS Spring 2020,https://gol.gg/tournament/tournament-stats/VCS%20Spring%202020/,VN,137,2020-01-31,2020-04-05
OPL Split 1 2020,https://gol.gg/tournament/tournament-stats/OPL%20Split%201%202020/,OCE,84,2020-01-31,2020-04-04
LVP SLO Spring 2020,https://gol.gg/tournament/tournament-stats/LVP%20SLO%20Spring%202020/,ES,109,2020-01-23,2020-04-02
Ultraliga Season 3,https://gol.gg/tournament/tournament-stats/Ultraliga%20Season%203/,PL,78,2020-01-28,2020-04-01
LCS Spring 2020,https://gol.gg/tournament/tournament-stats/LCS%20Spring%202020/,NA,94,2020-01-25,2020-03-30
Hitpoint Masters Season 13 Playoffs - Legends,https://gol.gg/tournament/tournament-stats/Hitpoint%20Masters%20Season%2013%20Playoffs%20-%20Legends/,CZ,21,2020-03-15,2020-03-29
PG Nationals Spring 2020,https://gol.gg/tournament/tournament-stats/PG%20Nationals%20Spring%202020/,IT,75,2020-01-22,2020-03-29
Prime League Spring 2020,https://gol.gg/tournament/tournament-stats/Prime%20League%20Spring%202020/,DE,109,2020-01-21,2020-03-29
LEC Spring 2020,https://gol.gg/tournament/tournament-stats/LEC%20Spring%202020/,EUW,90,2020-01-24,2020-03-28
NA Academy Spring 2020,https://gol.gg/tournament/tournament-stats/NA%20Academy%20Spring%202020/,NA,90,2020-01-25,2020-03-27
LPLOL Spring 2020,https://gol.gg/tournament/tournament-stats/LPLOL%20Spring%202020/,PT,70,2020-01-18,2020-03-22
LJL Spring 2020,https://gol.gg/tournament/tournament-stats/LJL%20Spring%202020/,JP,57,2020-02-08,2020-03-12
Hitpoint Masters Season 13,https://gol.gg/tournament/tournament-stats/Hitpoint%20Masters%20Season%2013/,CZ,56,2020-01-26,2020-03-08
Kespa Cup 2019,https://gol.gg/tournament/tournament-stats/Kespa%20Cup%202019/,KR,46,2019-12-23,2020-01-05
Demacia Cup 2019,https://gol.gg/tournament/tournament-stats/Demacia%20Cup%202019/,CN,72,2019-12-21,2019-12-29
VCS Winter Playoffs 2021,https://gol.gg/tournament/tournament-stats/VCS%20Winter%20Playoffs%202021/,VN,17,2021-12-22,2021-12-26
VCS Winter 2021,https://gol.gg/tournament/tournament-stats/VCS%20Winter%202021/,VN,131,2021-11-16,2021-12-17
GLL Winter Playoffs 2021,https://gol.gg/tournament/tournament-stats/GLL%20Winter%20Playoffs%202021/,GR,24,2021-11-22,2021-12-07
GLL Winter 2021,https://gol.gg/tournament/tournament-stats/GLL%20Winter%202021/,GR,56,2021-10-11,2021-11-16
Prime League Winter Cup 2021,https://gol.gg/tournament/tournament-stats/Prime%20League%20Winter%20Cup%202021/,DE,49,2021-10-03,2021-11-14
LPLOL Grand Final 2021,https://gol.gg/tournament/tournament-stats/LPLOL%20Grand%20Final%202021/,PT,25,2021-10-30,2021-11-13
World Championship 2021,https://gol.gg/tournament/tournament-stats/World%20Championship%202021/,WR,83,2021-10-11,2021-11-06
World Championship Play-In 2021,https://gol.gg/tournament/tournament-stats/World%20Championship%20Play-In%202021/,WR,38,2021-10-05,2021-10-09
LFL Finals 2021,https://gol.gg/tournament/tournament-stats/LFL%20Finals%202021/,FR,10,2021-08-27,2021-10-04
LCS Proving Grounds Summer 2021,https://gol.gg/tournament/tournament-stats/LCS%20Proving%20Grounds%20Summer%202021/,NA,86,2021-09-02,2021-09-26
LFL Promotion 2021,https://gol.gg/tournament/tournament-stats/LFL%20Promotion%202021/,FR,18,2021-09-20,2021-09-24
EU Masters Summer 2021,https://gol.gg/tournament/tournament-stats/EU%20Masters%20Summer%202021/,WR,78,2021-08-30,2021-09-19
LJL Academy Playoffs 2021,https://gol.gg/tournament/tournament-stats/LJL%20Academy%20Playoffs%202021/,JP,9,2021-09-08,2021-09-09
LJL Academy 2021,https://gol.gg/tournament/tournament-stats/LJL%20Academy%202021/,JP,30,2021-08-30,2021-09-07
LJL Summer Playoffs 2021,https://gol.gg/tournament/tournament-stats/LJL%20Summer%20Playoffs%202021/,JP,20,2021-08-08,2021-09-05
LPL Regional Finals 2021,https://gol.gg/tournament/tournament-stats/LPL%20Regional%20Finals%202021/,CN,10,2021-09-03,2021-09-05
CBLOL Split 2 Playoffs 2021,https://gol.gg/tournament/tournament-stats/CBLOL%20Split%202%20Playoffs%202021/,BR,19,2021-08-07,2021-09-04
LCL Summer Playoffs 2021,https://gol.gg/tournament/tournament-stats/LCL%20Summer%20Playoffs%202021/,CIS,25,2021-08-13,2021-09-04
TCL Summer Playoffs 2021,https://gol.gg/tournament/tournament-stats/TCL%20Summer%20Playoffs%202021/,TR,20,2021-08-14,2021-09-04
LCK Regional Finals 2021,https://gol.gg/tournament/tournament-stats/LCK%20Regional%20Finals%202021/,KR,12,2021-08-31,2021-09-02
LPL Summer Playoffs 2021,https://gol.gg/tournament/tournament-stats/LPL%20Summer%20Playoffs%202021/,CN,46,2021-08-12,2021-09-02
LCO Split 2 Playoffs 2021,https://gol.gg/tournament/tournament-stats/LCO%20Split%202%20Playoffs%202021/,OCE,20,2021-08-17,2021-08-31
LCS Championship 2021,https://gol.gg/tournament/tournament-stats/LCS%20Championship%202021/,NA,47,2021-08-07,2021-08-29
LEC Summer Playoffs 2021,https://gol.gg/tournament/tournament-stats/LEC%20Summer%20Playoffs%202021/,EUW,34,2021-08-13,2021-08-29
PCS Summer Playoffs 2021,https://gol.gg/tournament/tournament-stats/PCS%20Summer%20Playoffs%202021/,PCS,40,2021-08-12,2021-08-29
CBLOL Academy Split 2 Playoffs 2021,https://gol.gg/tournament/tournament-stats/CBLOL%20Academy%20Split%202%20Playoffs%202021/,BR,18,2021-08-10,2021-08-28
LCK Summer Playoffs 2021,https://gol.gg/tournament/tournament-stats/LCK%20Summer%20Playoffs%202021/,KR,18,2021-08-18,2021-08-28
LLA Closing Playoffs 2021,https://gol.gg/tournament/tournament-stats/LLA%20Closing%20Playoffs%202021/,LAT,13,2021-08-14,2021-08-28
LCK CL Summer Playoffs 2021,https://gol.gg/tournament/tournament-stats/LCK%20CL%20Summer%20Playoffs%202021/,KR,23,2021-08-16,2021-08-27
LFL Div2 Summer Playoffs 2021,https://gol.gg/tournament/tournament-stats/LFL%20Div2%20Summer%20Playoffs%202021/,FR,16,2021-08-23,2021-08-26
EU Masters Summer Play-In 2021,https://gol.gg/tournament/tournament-stats/EU%20Masters%20Summer%20Play-In%202021/,WR,63,2021-08-16,2021-08-19
NA Academy Summer Playoffs 2021,https://gol.gg/tournament/tournament-stats/NA%20Academy%20Summer%20Playoffs%202021/,NA,24,2021-08-05,2021-08-19
LFL Div2 Summer 2021,https://gol.gg/tournament/tournament-stats/LFL%20Div2%20Summer%202021/,FR,90,2021-06-14,2021-08-17
LCK Summer 2021,https://gol.gg/tournament/tournament-stats/LCK%20Summer%202021/,KR,226,2021-06-09,2021-08-15
LFL Summer Playoffs 2021,https://gol.gg/tournament/tournament-stats/LFL%20Summer%20Playoffs%202021/,FR,16,2021-08-04,2021-08-12
LVP Summer Playoffs 2021,https://gol.gg/tournament/tournament-stats/LVP%20Summer%20Playoffs%202021/,ES,21,2021-08-02,2021-08-12
Baltic Masters Summer Playoffs 2021,https://gol.gg/tournament/tournament-stats/Baltic%20Masters%20Summer%20Playoffs%202021/,LT,14,2021-08-07,2021-08-11
LCO Split 2 2021,https://gol.gg/tournament/tournament-stats/LCO%20Split%202%202021/,OCE,84,2021-06-15,2021-08-11
Ultraliga Season 6 Playoffs,https://gol.gg/tournament/tournament-stats/Ultraliga%20Season%206%20Playoffs/,PL,24,2021-07-27,2021-08-11
Dutch League Summer Playoffs 2021,https://gol.gg/tournament/tournament-stats/Dutch%20League%20Summer%20Playoffs%202021/,NL,16,2021-07-27,2021-08-10
LCK CL Summer 2021,https://gol.gg/tournament/tournament-stats/LCK%20CL%20Summer%202021/,KR,92,2021-06-07,2021-08-10
Belgian League Summer Playoffs 2021,https://gol.gg/tournament/tournament-stats/Belgian%20League%20Summer%20Playoffs%202021/,BE,17,2021-07-26,2021-08-09
Hitpoint Masters Summer Playoffs 2021,https://gol.gg/tournament/tournament-stats/Hitpoint%20Masters%20Summer%20Playoffs%202021/,CZ,31,2021-07-22,2021-08-08
LCL Summer 2021,https://gol.gg/tournament/tournament-stats/LCL%20Summer%202021/,CIS,55,2021-06-26,2021-08-08
LLA Closing 2021,https://gol.gg/tournament/tournament-stats/LLA%20Closing%202021/,LAT,66,2021-06-19,2021-08-08
LPL Summer 2021,https://gol.gg/tournament/tournament-stats/LPL%20Summer%202021/,CN,328,2021-06-07,2021-08-08
NLC Summer Playoffs 2021,https://gol.gg/tournament/tournament-stats/NLC%20Summer%20Playoffs%202021/,EUW,22,2021-07-27,2021-08-08
PCS Summer 2021,https://gol.gg/tournament/tournament-stats/PCS%20Summer%202021/,PCS,93,2021-07-09,2021-08-08
Prime League Summer Playoffs 2021,https://gol.gg/tournament/tournament-stats/Prime%20League%20Summer%20Playoffs%202021/,DE,17,2021-07-27,2021-08-08
TCL Summer 2021,https://gol.gg/tournament/tournament-stats/TCL%20Summer%202021/,TR,92,2021-06-12,2021-08-08
PG Nationals Summer Playoffs 2021,https://gol.gg/tournament/tournament-stats/PG%20Nationals%20Summer%20Playoffs%202021/,IT,30,2021-07-20,2021-08-07
CBLOL Academy Split 2 2021,https://gol.gg/tournament/tournament-stats/CBLOL%20Academy%20Split%202%202021/,BR,90,2021-06-08,2021-08-04
LJL Summer 2021,https://gol.gg/tournament/tournament-stats/LJL%20Summer%202021/,JP,58,2021-06-19,2021-08-04
LPLOL Summer Playoffs 2021,https://gol.gg/tournament/tournament-stats/LPLOL%20Summer%20Playoffs%202021/,PT,15,2021-07-26,2021-08-03
CBLOL Split 2 2021,https://gol.gg/tournament/tournament-stats/CBLOL%20Split%202%202021/,BR,90,2021-06-05,2021-08-01
LCS Summer 2021,https://gol.gg/tournament/tournament-stats/LCS%20Summer%202021/,NA,135,2021-06-04,2021-08-01
LEC Summer 2021,https://gol.gg/tournament/tournament-stats/LEC%20Summer%202021/,EUW,90,2021-06-11,2021-08-01
EBL Season 9,https://gol.gg/tournament/tournament-stats/EBL%20Season%209/,RS,58,2021-06-14,2021-07-30
NA Academy Summer 2021,https://gol.gg/tournament/tournament-stats/NA%20Academy%20Summer%202021/,NA,180,2021-06-02,2021-07-29
LVP SL Summer 2021,https://gol.gg/tournament/tournament-stats/LVP%20SL%20Summer%202021/,ES,90,2021-05-31,2021-07-29
LFL Summer 2021,https://gol.gg/tournament/tournament-stats/LFL%20Summer%202021/,FR,85,2021-06-08,2021-07-28
GLL Summer Playoffs 2021,https://gol.gg/tournament/tournament-stats/GLL%20Summer%20Playoffs%202021/,GR,23,2021-07-12,2021-07-27
Prime League Summer 2021,https://gol.gg/tournament/tournament-stats/Prime%20League%20Summer%202021/,DE,91,2021-06-01,2021-07-22
LPLOL Summer 2021,https://gol.gg/tournament/tournament-stats/LPLOL%20Summer%202021/,PT,57,2021-06-07,2021-07-21
Ultraliga Season 6,https://gol.gg/tournament/tournament-stats/Ultraliga%20Season%206/,PL,57,2021-06-08,2021-07-21
Baltic Masters Summer 2021,https://gol.gg/tournament/tournament-stats/Baltic%20Masters%20Summer%202021/,LT,30,2021-06-15,2021-07-20
Dutch League Summer 2021,https://gol.gg/tournament/tournament-stats/Dutch%20League%20Summer%202021/,NL,30,2021-06-01,2021-07-20
NLC Summer 2021,https://gol.gg/tournament/tournament-stats/NLC%20Summer%202021/,EUW,96,2021-06-02,2021-07-20
Belgian League Summer 2021,https://gol.gg/tournament/tournament-stats/Belgian%20League%20Summer%202021/,BE,30,2021-05-31,2021-07-19
Hitpoint Masters 2021 Summer,https://gol.gg/tournament/tournament-stats/Hitpoint%20Masters%202021%20Summer/,CZ,56,2021-06-17,2021-07-18
PG Nationals Summer 2021,https://gol.gg/tournament/tournament-stats/PG%20Nationals%20Summer%202021/,IT,57,2021-06-01,2021-07-08
GLL Summer 2021,https://gol.gg/tournament/tournament-stats/GLL%20Summer%202021/,GR,55,2021-05-31,2021-07-06
Hitpoint Challengers 2021 Summer,https://gol.gg/tournament/tournament-stats/Hitpoint%20Challengers%202021%20Summer/,CZ,14,2021-06-23,2021-07-03
MSI 2021,https://gol.gg/tournament/tournament-stats/MSI%202021/,WR,81,2021-05-06,2021-05-23
EU Masters Spring 2021,https://gol.gg/tournament/tournament-stats/EU%20Masters%20Spring%202021/,WR,70,2021-04-14,2021-05-02
LCS Proving Grounds Spring 2021,https://gol.gg/tournament/tournament-stats/LCS%20Proving%20Grounds%20Spring%202021/,NA,80,2021-03-31,2021-04-25
CBLOL Split 1 Playoffs 2021,https://gol.gg/tournament/tournament-stats/CBLOL%20Split%201%20Playoffs%202021/,BR,22,2021-03-27,2021-04-18
LPL Spring Playoffs 2021,https://gol.gg/tournament/tournament-stats/LPL%20Spring%20Playoffs%202021/,CN,48,2021-04-01,2021-04-18
PCS Spring Playoffs 2021,https://gol.gg/tournament/tournament-stats/PCS%20Spring%20Playoffs%202021/,PCS,37,2021-04-01,2021-04-18
VCS Spring Playoffs 2021,https://gol.gg/tournament/tournament-stats/VCS%20Spring%20Playoffs%202021/,VN,16,2021-04-10,2021-04-18
CBLOL Academy Split 1 Playoffs 2021,https://gol.gg/tournament/tournament-stats/CBLOL%20Academy%20Split%201%20Playoffs%202021/,BR,23,2021-03-30,2021-04-17
LCL Spring Playoffs 2021,https://gol.gg/tournament/tournament-stats/LCL%20Spring%20Playoffs%202021/,CIS,11,2021-04-03,2021-04-17
TCL Spring Playoffs 2021,https://gol.gg/tournament/tournament-stats/TCL%20Spring%20Playoffs%202021/,TR,22,2021-04-03,2021-04-17
LCS Mid-Season Showdown 2021,https://gol.gg/tournament/tournament-stats/LCS%20Mid-Season%20Showdown%202021/,NA,31,2021-03-20,2021-04-11
LEC Spring Playoffs 2021,https://gol.gg/tournament/tournament-stats/LEC%20Spring%20Playoffs%202021/,EUW,33,2021-03-26,2021-04-11
LJL Spring Playoffs 2021,https://gol.gg/tournament/tournament-stats/LJL%20Spring%20Playoffs%202021/,JP,24,2021-03-14,2021-04-11
LCK Spring Playoffs 2021,https://gol.gg/tournament/tournament-stats/LCK%20Spring%20Playoffs%202021/,KR,18,2021-03-31,2021-04-10
LCO Split 1 Playoffs 2021,https://gol.gg/tournament/tournament-stats/LCO%20Split%201%20Playoffs%202021/,OCE,22,2021-03-30,2021-04-10
LLA Opening Playoffs 2021,https://gol.gg/tournament/tournament-stats/LLA%20Opening%20Playoffs%202021/,LAT,13,2021-03-28,2021-04-10
LCK CL Spring Playoffs 2021,https://gol.gg/tournament/tournament-stats/LCK%20CL%20Spring%20Playoffs%202021/,KR,18,2021-03-29,2021-04-09
VCS Spring 2021,https://gol.gg/tournament/tournament-stats/VCS%20Spring%202021/,VN,143,2021-01-22,2021-04-04
EU Masters Spring Play-In 2021,https://gol.gg/tournament/tournament-stats/EU%20Masters%20Spring%20Play-In%202021/,WR,58,2021-03-29,2021-04-01
LCK Spring 2021,https://gol.gg/tournament/tournament-stats/LCK%20Spring%202021/,KR,215,2021-01-13,2021-03-28
LCL Spring 2021,https://gol.gg/tournament/tournament-stats/LCL%20Spring%202021/,CIS,58,2021-02-13,2021-03-28
LPL Spring 2021,https://gol.gg/tournament/tournament-stats/LPL%20Spring%202021/,CN,306,2021-01-09,2021-03-28
EBL Season 8 Playoffs,https://gol.gg/tournament/tournament-stats/EBL%20Season%208%20Playoffs/,RS,10,2021-03-20,2021-03-27
LCO Split 1 2021,https://gol.gg/tournament/tournament-stats/LCO%20Split%201%202021/,OCE,57,2021-02-23,2021-03-27
LFL Spring Playoffs 2021,https://gol.gg/tournament/tournament-stats/LFL%20Spring%20Playoffs%202021/,FR,15,2021-03-17,2021-03-25
LVP SL Spring Playoffs 2021,https://gol.gg/tournament/tournament-stats/LVP%20SL%20Spring%20Playoffs%202021/,ES,18,2021-03-15,2021-03-25
Hitpoint Challengers 2021 Spring Playoffs,https://gol.gg/tournament/tournament-stats/Hitpoint%20Challengers%202021%20Spring%20Playoffs/,CZ,32,2021-03-10,2021-03-24
Ultraliga Season 5,https://gol.gg/tournament/tournament-stats/Ultraliga%20Season%205/,PL,81,2021-01-19,2021-03-24
Dutch League Spring Playoffs 2021,https://gol.gg/tournament/tournament-stats/Dutch%20League%20Spring%20Playoffs%202021/,NL,15,2021-03-09,2021-03-23
GLL 2021 Spring Playoffs,https://gol.gg/tournament/tournament-stats/GLL%202021%20Spring%20Playoffs/,GR,24,2021-03-01,2021-03-23
LCK CL Spring 2021,https://gol.gg/tournament/tournament-stats/LCK%20CL%20Spring%202021/,KR,93,2021-01-18,2021-03-23
Belgian League Spring Playoffs 2021,https://gol.gg/tournament/tournament-stats/Belgian%20League%20Spring%20Playoffs%202021/,BE,16,2021-03-08,2021-03-22
LLA Opening 2021,https://gol.gg/tournament/tournament-stats/LLA%20Opening%202021/,LAT,67,2021-01-30,2021-03-22
Hitpoint Masters 2021 Spring Playoffs,https://gol.gg/tournament/tournament-stats/Hitpoint%20Masters%202021%20Spring%20Playoffs/,CZ,35,2021-03-04,2021-03-21
LPLOL Spring Playoffs 2021,https://gol.gg/tournament/tournament-stats/LPLOL%20Spring%20Playoffs%202021/,PT,10,2021-03-15,2021-03-21
NLC Spring Playoffs 2021,https://gol.gg/tournament/tournament-stats/NLC%20Spring%20Playoffs%202021/,EUW,27,2021-03-02,2021-03-21
PCS Spring 2021,https://gol.gg/tournament/tournament-stats/PCS%20Spring%202021/,PCS,91,2021-02-19,2021-03-21
PG Nationals Spring Playoffs 2021,https://gol.gg/tournament/tournament-stats/PG%20Nationals%20Spring%20Playoffs%202021/,IT,33,2021-03-01,2021-03-21
Prime League Spring Playoffs 2021,https://gol.gg/tournament/tournament-stats/Prime%20League%20Spring%20Playoffs%202021/,DE,18,2021-03-09,2021-03-21
TCL Spring 2021,https://gol.gg/tournament/tournament-stats/TCL%20Spring%202021/,TR,91,2021-01-23,2021-03-21
CBLOL Academy Split 1 2021,https://gol.gg/tournament/tournament-stats/CBLOL%20Academy%20Split%201%202021/,BR,90,2021-01-19,2021-03-17
CBLOL Split 1 2021,https://gol.gg/tournament/tournament-stats/CBLOL%20Split%201%202021/,BR,90,2021-01-16,2021-03-14
EBL Season 8,https://gol.gg/tournament/tournament-stats/EBL%20Season%208/,RS,59,2021-01-25,2021-03-14
LCS Spring 2021,https://gol.gg/tournament/tournament-stats/LCS%20Spring%202021/,NA,90,2021-02-05,2021-03-14
LEC Spring 2021,https://gol.gg/tournament/tournament-stats/LEC%20Spring%202021/,EUW,90,2021-01-22,2021-03-14
LFL Spring 2021,https://gol.gg/tournament/tournament-stats/LFL%20Spring%202021/,FR,91,2021-01-19,2021-03-11
LJL Spring 2021,https://gol.gg/tournament/tournament-stats/LJL%20Spring%202021/,JP,57,2021-01-23,2021-03-11
LVP Superliga Spring 2021,https://gol.gg/tournament/tournament-stats/LVP%20Superliga%20Spring%202021/,ES,92,2021-01-18,2021-03-11
LPLOL Spring 2021,https://gol.gg/tournament/tournament-stats/LPLOL%20Spring%202021/,PT,57,2021-01-25,2021-03-10
Baltic Masters Spring Playoffs 2021,https://gol.gg/tournament/tournament-stats/Baltic%20Masters%20Spring%20Playoffs%202021/,LT,13,2021-03-02,2021-03-09
Hitpoint Challengers 2021 Spring,https://gol.gg/tournament/tournament-stats/Hitpoint%20Challengers%202021%20Spring/,CZ,57,2021-02-03,2021-03-06
Prime League Spring 2021,https://gol.gg/tournament/tournament-stats/Prime%20League%20Spring%202021/,DE,90,2021-01-19,2021-03-04
Dutch League Spring 2021,https://gol.gg/tournament/tournament-stats/Dutch%20League%20Spring%202021/,NL,30,2021-01-12,2021-03-02
Belgian League Spring 2021,https://gol.gg/tournament/tournament-stats/Belgian%20League%20Spring%202021/,BE,30,2021-01-11,2021-03-01
Hitpoint Masters 2021 Spring,https://gol.gg/tournament/tournament-stats/Hitpoint%20Masters%202021%20Spring/,CZ,57,2021-01-27,2021-02-28
Baltic Masters Spring 2021,https://gol.gg/tournament/tournament-stats/Baltic%20Masters%20Spring%202021/,LT,31,2021-01-26,2021-02-25
NLC Spring 2021,https://gol.gg/tournament/tournament-stats/NLC%20Spring%202021/,EUW,64,2021-01-19,2021-02-25
PG Nationals Spring 2021,https://gol.gg/tournament/tournament-stats/PG%20Nationals%20Spring%202021/,IT,57,2021-01-13,2021-02-25
GLL 2021 Spring,https://gol.gg/tournament/tournament-stats/GLL%202021%20Spring/,GR,57,2021-01-18,2021-02-23
NA Academy Spring 2021,https://gol.gg/tournament/tournament-stats/NA%20Academy%20Spring%202021/,NA,45,2021-01-20,2021-02-17
LCS Lock In 2021,https://gol.gg/tournament/tournament-stats/LCS%20Lock%20In%202021/,NA,42,2021-01-15,2021-01-31
KeSPA Cup 2020,https://gol.gg/tournament/tournament-stats/KeSPA%20Cup%202020/,KR,33,2020-12-21,2021-01-02
Demacia Cup 2020,https://gol.gg/tournament/tournament-stats/Demacia%20Cup%202020/,CN,65,2020-12-21,2020-12-27
Trinity Force Puchar Polski,https://gol.gg/tournament/tournament-stats/Trinity%20Force%20Puchar%20Polski/,PL,34,2020-11-01,2020-11-15
World Championship 2022,https://gol.gg/tournament/tournament-stats/World%20Championship%202022/,WR,80,2022-10-07,2022-11-05
World Championship Play-In 2022,https://gol.gg/tournament/tournament-stats/World%20Championship%20Play-In%202022/,WR,47,2022-09-29,2022-10-04
EU Masters Summer 2022,https://gol.gg/tournament/tournament-stats/EU%20Masters%20Summer%202022/,WR,77,2022-08-29,2022-09-25
LFL Promotion 2023,https://gol.gg/tournament/tournament-stats/LFL%20Promotion%202023/,FR,19,2022-09-12,2022-09-20
LCS Championship 2022,https://gol.gg/tournament/tournament-stats/LCS%20Championship%202022/,NA,55,2022-08-20,2022-09-11
LEC Summer Playoffs 2022,https://gol.gg/tournament/tournament-stats/LEC%20Summer%20Playoffs%202022/,EUW,31,2022-08-26,2022-09-11
CBLOL Academy Split 2 Playoffs 2022,https://gol.gg/tournament/tournament-stats/CBLOL%20Academy%20Split%202%20Playoffs%202022/,BR,15,2022-08-15,2022-09-10
TCL Summer Playoffs 2022,https://gol.gg/tournament/tournament-stats/TCL%20Summer%20Playoffs%202022/,TR,21,2022-08-20,2022-09-10
LCO Split 2 Playoffs 2022,https://gol.gg/tournament/tournament-stats/LCO%20Split%202%20Playoffs%202022/,OCE,22,2022-08-15,2022-09-04
LJL Summer Playoffs 2022,https://gol.gg/tournament/tournament-stats/LJL%20Summer%20Playoffs%202022/,JP,23,2022-08-24,2022-09-04
LPL Regional Finals 2022,https://gol.gg/tournament/tournament-stats/LPL%20Regional%20Finals%202022/,CN,14,2022-09-02,2022-09-04
PCS Summer Playoffs 2022,https://gol.gg/tournament/tournament-stats/PCS%20Summer%20Playoffs%202022/,PCS,45,2022-08-18,2022-09-04
VCS Summer Playoffs 2022,https://gol.gg/tournament/tournament-stats/VCS%20Summer%20Playoffs%202022/,VN,22,2022-08-24,2022-09-04
CBLOL Split 2 Playoffs 2022,https://gol.gg/tournament/tournament-stats/CBLOL%20Split%202%20Playoffs%202022/,BR,31,2022-08-12,2022-09-03
LCK Regionals Finals 2022,https://gol.gg/tournament/tournament-stats/LCK%20Regionals%20Finals%202022/,KR,14,2022-09-01,2022-09-03
LPL Summer Playoffs 2022,https://gol.gg/tournament/tournament-stats/LPL%20Summer%20Playoffs%202022/,CN,51,2022-08-16,2022-09-01
LCS Proving Grounds Summer 2022,https://gol.gg/tournament/tournament-stats/LCS%20Proving%20Grounds%20Summer%202022/,NA,90,2022-08-03,2022-08-31
LCK Summer Playoffs 2022,https://gol.gg/tournament/tournament-stats/LCK%20Summer%20Playoffs%202022/,KR,21,2022-08-17,2022-08-28
EU Masters Summer Play-In 2022,https://gol.gg/tournament/tournament-stats/EU%20Masters%20Summer%20Play-In%202022/,WR,58,2022-08-24,2022-08-27
LLA Closing Playoffs 2022,https://gol.gg/tournament/tournament-stats/LLA%20Closing%20Playoffs%202022/,LAT,33,2022-08-05,2022-08-27
LCK CL Summer Playoffs 2022,https://gol.gg/tournament/tournament-stats/LCK%20CL%20Summer%20Playoffs%202022/,KR,25,2022-08-15,2022-08-26
Hitpoint Masters Summer Playoffs 2022,https://gol.gg/tournament/tournament-stats/Hitpoint%20Masters%20Summer%20Playoffs%202022/,CZ,16,2022-08-07,2022-08-21
VCS Summer 2022,https://gol.gg/tournament/tournament-stats/VCS%20Summer%202022/,VN,139,2022-07-07,2022-08-21
NLC Summer Playoffs 2022,https://gol.gg/tournament/tournament-stats/NLC%20Summer%20Playoffs%202022/,EUW,24,2022-08-01,2022-08-20
Prime League Summer Playoffs 2022,https://gol.gg/tournament/tournament-stats/Prime%20League%20Summer%20Playoffs%202022/,DE,23,2022-08-02,2022-08-20
LVP SL Summer Playoffs 2022,https://gol.gg/tournament/tournament-stats/LVP%20SL%20Summer%20Playoffs%202022/,ES,24,2022-08-01,2022-08-20
LFL Summer Playoffs 2022,https://gol.gg/tournament/tournament-stats/LFL%20Summer%20Playoffs%202022/,FR,24,2022-08-03,2022-08-18
LJL Summer 2022,https://gol.gg/tournament/tournament-stats/LJL%20Summer%202022/,JP,84,2022-06-24,2022-08-17
Turkey Academy Summer Playoffs 2022,https://gol.gg/tournament/tournament-stats/Turkey%20Academy%20Summer%20Playoffs%202022/,TR,13,2022-08-15,2022-08-17
Ultraliga Season 8 Playoffs,https://gol.gg/tournament/tournament-stats/Ultraliga%20Season%208%20Playoffs/,PL,22,2022-08-02,2022-08-17
LFL Div2 Summer Playoffs 2022,https://gol.gg/tournament/tournament-stats/LFL%20Div2%20Summer%20Playoffs%202022/,FR,20,2022-08-01,2022-08-16
LVP2 Summer Playoffs 2022,https://gol.gg/tournament/tournament-stats/LVP2%20Summer%20Playoffs%202022/,ES,25,2022-08-02,2022-08-16
LCK Summer 2022,https://gol.gg/tournament/tournament-stats/LCK%20Summer%202022/,KR,214,2022-06-15,2022-08-14
LCS Summer 2022,https://gol.gg/tournament/tournament-stats/LCS%20Summer%202022/,NA,91,2022-06-17,2022-08-14
LEC Summer 2022,https://gol.gg/tournament/tournament-stats/LEC%20Summer%202022/,EUW,92,2022-06-17,2022-08-14
LPL Summer 2022,https://gol.gg/tournament/tournament-stats/LPL%20Summer%202022/,CN,343,2022-06-10,2022-08-14
TCL Summer 2022,https://gol.gg/tournament/tournament-stats/TCL%20Summer%202022/,TR,91,2022-06-11,2022-08-14
EBL Summer Playoffs 2022,https://gol.gg/tournament/tournament-stats/EBL%20Summer%20Playoffs%202022/,RS,16,2022-07-25,2022-08-13
LCK CL Summer 2022,https://gol.gg/tournament/tournament-stats/LCK%20CL%20Summer%202022/,KR,180,2022-06-13,2022-08-12
Turkey Academy Summer 2022,https://gol.gg/tournament/tournament-stats/Turkey%20Academy%20Summer%202022/,TR,90,2022-06-09,2022-08-12
CBLOL Academy Split 2 2022,https://gol.gg/tournament/tournament-stats/CBLOL%20Academy%20Split%202%202022/,BR,90,2022-06-13,2022-08-09
LCO Split 2 2022,https://gol.gg/tournament/tournament-stats/LCO%20Split%202%202022/,OCE,84,2022-06-06,2022-08-09
CBLOL Split 2 2022,https://gol.gg/tournament/tournament-stats/CBLOL%20Split%202%202022/,BR,90,2022-06-11,2022-08-07
Elite Series Summer Playoffs 2022,https://gol.gg/tournament/tournament-stats/Elite%20Series%20Summer%20Playoffs%202022/,BE,17,2022-07-31,2022-08-07
LPLOL Summer Playoffs 2022,https://gol.gg/tournament/tournament-stats/LPLOL%20Summer%20Playoffs%202022/,PT,17,2022-07-27,2022-08-07
PCS Summer 2022,https://gol.gg/tournament/tournament-stats/PCS%20Summer%202022/,PCS,92,2022-07-01,2022-08-07
PG Nationals Summer Playoffs 2022,https://gol.gg/tournament/tournament-stats/PG%20Nationals%20Summer%20Playoffs%202022/,IT,15,2022-07-26,2022-08-07
GLL Summer Playoffs 2022,https://gol.gg/tournament/tournament-stats/GLL%20Summer%20Playoffs%202022/,GR,13,2022-07-18,2022-07-31
LLA Closing 2022,https://gol.gg/tournament/tournament-stats/LLA%20Closing%202022/,LAT,57,2022-06-11,2022-07-31
Prime League Summer 2022,https://gol.gg/tournament/tournament-stats/Prime%20League%20Summer%202022/,DE,91,2022-05-31,2022-07-31
NA Academy Summer 2022,https://gol.gg/tournament/tournament-stats/NA%20Academy%20Summer%202022/,NA,180,2022-06-08,2022-07-29
Hitpoint Masters Summer 2022,https://gol.gg/tournament/tournament-stats/Hitpoint%20Masters%20Summer%202022/,CZ,56,2022-06-06,2022-07-28
LFL Summer 2022,https://gol.gg/tournament/tournament-stats/LFL%20Summer%202022/,FR,90,2022-06-01,2022-07-28
LVP SL Summer 2022,https://gol.gg/tournament/tournament-stats/LVP%20SL%20Summer%202022/,ES,90,2022-05-30,2022-07-28
NLC Summer 2022,https://gol.gg/tournament/tournament-stats/NLC%20Summer%202022/,EUW,90,2022-05-30,2022-07-27
LVP2 Summer 2022,https://gol.gg/tournament/tournament-stats/LVP2%20Summer%202022/,ES,90,2022-05-31,2022-07-27
Ultraliga Season 8,https://gol.gg/tournament/tournament-stats/Ultraliga%20Season%208/,PL,90,2022-05-31,2022-07-27
LFL Div2 Summer 2022,https://gol.gg/tournament/tournament-stats/LFL%20Div2%20Summer%202022/,FR,90,2022-05-30,2022-07-26
LPLOL Summer 2022,https://gol.gg/tournament/tournament-stats/LPLOL%20Summer%202022/,PT,56,2022-06-06,2022-07-25
EBL Summer 2022,https://gol.gg/tournament/tournament-stats/EBL%20Summer%202022/,RS,56,2022-06-06,2022-07-21
Elite Series Summer 2022,https://gol.gg/tournament/tournament-stats/Elite%20Series%20Summer%202022/,BE,57,2022-06-06,2022-07-20
PG Nationals Summer 2022,https://gol.gg/tournament/tournament-stats/PG%20Nationals%20Summer%202022/,IT,56,2022-06-07,2022-07-20
GLL Summer 2022,https://gol.gg/tournament/tournament-stats/GLL%20Summer%202022/,GR,56,2022-05-30,2022-07-12
MSI 2022,https://gol.gg/tournament/tournament-stats/MSI%202022/,WR,77,2022-05-10,2022-05-29
EU Masters Spring 2022,https://gol.gg/tournament/tournament-stats/EU%20Masters%20Spring%202022/,WR,74,2022-04-14,2022-05-07
LCS Spring Playoffs 2022,https://gol.gg/tournament/tournament-stats/LCS%20Spring%20Playoffs%202022/,NA,29,2022-04-02,2022-04-24
VCS Spring Playoffs 2022,https://gol.gg/tournament/tournament-stats/VCS%20Spring%20Playoffs%202022/,VN,12,2022-04-16,2022-04-24
CBLOL Split 1 Playoffs 2022,https://gol.gg/tournament/tournament-stats/CBLOL%20Split%201%20Playoffs%202022/,BR,32,2022-03-25,2022-04-23
LPL Spring Playoffs 2022,https://gol.gg/tournament/tournament-stats/LPL%20Spring%20Playoffs%202022/,CN,51,2022-03-26,2022-04-23
PCS Spring Playoffs 2022,https://gol.gg/tournament/tournament-stats/PCS%20Spring%20Playoffs%202022/,PCS,45,2022-03-31,2022-04-17
CBLOL Academy Split 1 Playoffs 2022,https://gol.gg/tournament/tournament-stats/CBLOL%20Academy%20Split%201%20Playoffs%202022/,BR,20,2022-04-05,2022-04-16
LLA Opening Playoffs 2022,https://gol.gg/tournament/tournament-stats/LLA%20Opening%20Playoffs%202022/,LAT,31,2022-03-18,2022-04-16
LCS Proving Grounds Spring 2022,https://gol.gg/tournament/tournament-stats/LCS%20Proving%20Grounds%20Spring%202022/,NA,90,2022-03-16,2022-04-15
VCS Spring 2022,https://gol.gg/tournament/tournament-stats/VCS%20Spring%202022/,VN,132,2022-02-11,2022-04-13
LCO Sprit 1 Playoffs 2022,https://gol.gg/tournament/tournament-stats/LCO%20Sprit%201%20Playoffs%202022/,OCE,22,2022-03-28,2022-04-11
LEC Spring Playoffs 2022,https://gol.gg/tournament/tournament-stats/LEC%20Spring%20Playoffs%202022/,EUW,30,2022-03-25,2022-04-10
LJL Spring Playoffs 2022,https://gol.gg/tournament/tournament-stats/LJL%20Spring%20Playoffs%202022/,JP,24,2022-03-30,2022-04-10
TCL Winter Playoffs 2022,https://gol.gg/tournament/tournament-stats/TCL%20Winter%20Playoffs%202022/,TR,20,2022-03-26,2022-04-09
EU Masters Spring Play-In 2022,https://gol.gg/tournament/tournament-stats/EU%20Masters%20Spring%20Play-In%202022/,WR,58,2022-04-04,2022-04-07
LFL Div2 Spring Playoffs 2022,https://gol.gg/tournament/tournament-stats/LFL%20Div2%20Spring%20Playoffs%202022/,FR,23,2022-03-21,2022-04-05
LCK Spring Playoffs 2022,https://gol.gg/tournament/tournament-stats/LCK%20Spring%20Playoffs%202022/,KR,20,2022-03-23,2022-04-02
LCK CL Spring Playoffs 2022,https://gol.gg/tournament/tournament-stats/LCK%20CL%20Spring%20Playoffs%202022/,KR,23,2022-03-21,2022-04-01
LFL Spring Playoffs 2022,https://gol.gg/tournament/tournament-stats/LFL%20Spring%20Playoffs%202022/,FR,24,2022-03-16,2022-03-31
NLC Spring Playoffs 2022,https://gol.gg/tournament/tournament-stats/NLC%20Spring%20Playoffs%202022/,EUW,21,2022-03-14,2022-03-30
LVP SL Spring Playoffs 2022,https://gol.gg/tournament/tournament-stats/LVP%20SL%20Spring%20Playoffs%202022/,ES,21,2022-03-14,2022-03-30
Ultraliga Season 7 Playoffs,https://gol.gg/tournament/tournament-stats/Ultraliga%20Season%207%20Playoffs/,PL,22,2022-03-15,2022-03-30
LCS Spring 2022,https://gol.gg/tournament/tournament-stats/LCS%20Spring%202022/,NA,92,2022-02-05,2022-03-27
LJL Spring 2022,https://gol.gg/tournament/tournament-stats/LJL%20Spring%202022/,JP,84,2022-02-11,2022-03-25
LPL Spring 2022,https://gol.gg/tournament/tournament-stats/LPL%20Spring%202022/,CN,341,2022-01-10,2022-03-25
CBLOL Academy Split 1 2022,https://gol.gg/tournament/tournament-stats/CBLOL%20Academy%20Split%201%202022/,BR,90,2022-01-25,2022-03-23
Turkey Academy Winter Playoffs 2022,https://gol.gg/tournament/tournament-stats/Turkey%20Academy%20Winter%20Playoffs%202022/,TR,12,2022-03-21,2022-03-23
LCO Split 1 2022,https://gol.gg/tournament/tournament-stats/LCO%20Split%201%202022/,OCE,84,2022-01-24,2022-03-22
CBLOL Split 1 2022,https://gol.gg/tournament/tournament-stats/CBLOL%20Split%201%202022/,BR,90,2022-01-22,2022-03-20
GLL Spring Playoffs 2022,https://gol.gg/tournament/tournament-stats/GLL%20Spring%20Playoffs%202022/,GR,14,2022-03-07,2022-03-20
Hitpoint Masters Spring Playoffs 2022,https://gol.gg/tournament/tournament-stats/Hitpoint%20Masters%20Spring%20Playoffs%202022/,CZ,16,2022-03-10,2022-03-20
LCK Spring 2022,https://gol.gg/tournament/tournament-stats/LCK%20Spring%202022/,KR,213,2022-01-12,2022-03-20
PCS Spring 2022,https://gol.gg/tournament/tournament-stats/PCS%20Spring%202022/,PCS,91,2022-02-11,2022-03-20
PG Nationals Spring Playoffs 2022,https://gol.gg/tournament/tournament-stats/PG%20Nationals%20Spring%20Playoffs%202022/,IT,14,2022-03-08,2022-03-20
Prime League Spring Playoffs 2022,https://gol.gg/tournament/tournament-stats/Prime%20League%20Spring%20Playoffs%202022/,DE,20,2022-03-01,2022-03-20
TCL Winter 2022,https://gol.gg/tournament/tournament-stats/TCL%20Winter%202022/,TR,91,2022-01-22,2022-03-20
EBL Spring Playoffs 2022,https://gol.gg/tournament/tournament-stats/EBL%20Spring%20Playoffs%202022/,RS,14,2022-03-07,2022-03-19
Elite Series Spring Playoffs 2022,https://gol.gg/tournament/tournament-stats/Elite%20Series%20Spring%20Playoffs%202022/,BE,17,2022-03-11,2022-03-19
LCK CL Spring 2022,https://gol.gg/tournament/tournament-stats/LCK%20CL%20Spring%202022/,KR,181,2022-01-10,2022-03-19
LPLOL Spring Playoffs 2022,https://gol.gg/tournament/tournament-stats/LPLOL%20Spring%20Playoffs%202022/,PT,17,2022-03-09,2022-03-19
Turkey Academy Winter 2022,https://gol.gg/tournament/tournament-stats/Turkey%20Academy%20Winter%202022/,TR,93,2022-01-20,2022-03-18
LFL Div2 Spring 2022,https://gol.gg/tournament/tournament-stats/LFL%20Div2%20Spring%202022/,FR,90,2022-01-17,2022-03-15
LLA Opening 2022,https://gol.gg/tournament/tournament-stats/LLA%20Opening%202022/,LAT,58,2022-01-29,2022-03-13
NA Academy Spring 2022,https://gol.gg/tournament/tournament-stats/NA%20Academy%20Spring%202022/,NA,180,2022-01-19,2022-03-11
LFL Spring 2022,https://gol.gg/tournament/tournament-stats/LFL%20Spring%202022/,FR,90,2022-01-12,2022-03-10
LVP SL Spring 2022,https://gol.gg/tournament/tournament-stats/LVP%20SL%20Spring%202022/,ES,90,2022-01-10,2022-03-10
NLC Spring 2022,https://gol.gg/tournament/tournament-stats/NLC%20Spring%202022/,EUW,90,2022-01-10,2022-03-09
Ultraliga Season 7,https://gol.gg/tournament/tournament-stats/Ultraliga%20Season%207/,PL,90,2022-01-11,2022-03-09
LEC Spring 2022,https://gol.gg/tournament/tournament-stats/LEC%20Spring%202022/,EUW,90,2022-01-14,2022-03-06
EBL Spring 2022,https://gol.gg/tournament/tournament-stats/EBL%20Spring%202022/,RS,56,2022-01-17,2022-03-03
Hitpoint Masters Spring 2022,https://gol.gg/tournament/tournament-stats/Hitpoint%20Masters%20Spring%202022/,CZ,56,2022-01-17,2022-03-03
Elite Series Spring 2022,https://gol.gg/tournament/tournament-stats/Elite%20Series%20Spring%202022/,BE,56,2022-01-17,2022-03-02
LPLOL Spring 2022,https://gol.gg/tournament/tournament-stats/LPLOL%20Spring%202022/,PT,56,2022-01-17,2022-03-02
PG Nationals Spring 2022,https://gol.gg/tournament/tournament-stats/PG%20Nationals%20Spring%202022/,IT,56,2022-01-18,2022-03-02
GLL Spring 2022,https://gol.gg/tournament/tournament-stats/GLL%20Spring%202022/,GR,56,2022-01-17,2022-03-01
Prime League Spring 2022,https://gol.gg/tournament/tournament-stats/Prime%20League%20Spring%202022/,DE,90,2022-01-11,2022-02-24
LCL Spring 2022,https://gol.gg/tournament/tournament-stats/LCL%20Spring%202022/,CIS,16,2022-02-12,2022-02-20
LCS Lock In 2022,https://gol.gg/tournament/tournament-stats/LCS%20Lock%20In%202022/,NA,39,2022-01-14,2022-01-30
Demacia Cup 2021,https://gol.gg/tournament/tournament-stats/Demacia%20Cup%202021/,CN,66,2021-12-17,2021-12-26
Kespa Cup 2021,https://gol.gg/tournament/tournament-stats/Kespa%20Cup%202021/,KR,39,2021-12-10,2021-12-12
Worlds Main Event 2023,https://gol.gg/tournament/tournament-stats/Worlds%20Main%20Event%202023/,WR,79,2023-10-19,2023-11-19
Worlds Play-In 2023,https://gol.gg/tournament/tournament-stats/Worlds%20Play-In%202023/,WR,31,2023-10-10,2023-10-15
Worlds Qualifying Series 2023,https://gol.gg/tournament/tournament-stats/Worlds%20Qualifying%20Series%202023/,WR,3,2023-10-09,2023-10-09
LFL Promotion 2024,https://gol.gg/tournament/tournament-stats/LFL%20Promotion%202024/,WR,14,2023-09-19,2023-09-22
SuperLiga Promotion 2024,https://gol.gg/tournament/tournament-stats/SuperLiga%20Promotion%202024/,WR,22,2023-09-11,2023-09-22
Prime League Promotion 2024,https://gol.gg/tournament/tournament-stats/Prime%20League%20Promotion%202024/,WR,18,2023-09-12,2023-09-21
LFL Promotion 2024,https://gol.gg/tournament/tournament-stats/LFL%20Promotion%202024/,FR,4,2023-09-18,2023-09-18
LEC Season Finals 2023,https://gol.gg/tournament/tournament-stats/LEC%20Season%20Finals%202023/,EUW,33,2023-08-19,2023-09-10
CBLOL Split 2 Playoffs 2023,https://gol.gg/tournament/tournament-stats/CBLOL%20Split%202%20Playoffs%202023/,BR,32,2023-08-11,2023-09-09
PCS Summer Playoffs 2023,https://gol.gg/tournament/tournament-stats/PCS%20Summer%20Playoffs%202023/,WR,47,2023-08-11,2023-09-09
VCS Summer Playoffs 2023,https://gol.gg/tournament/tournament-stats/VCS%20Summer%20Playoffs%202023/,VN,43,2023-08-12,2023-09-09
EMEA Masters Summer 2023,https://gol.gg/tournament/tournament-stats/EMEA%20Masters%20Summer%202023/,WR,77,2023-08-21,2023-09-08
CBLOL Academy Split 2 Playoffs 2023,https://gol.gg/tournament/tournament-stats/CBLOL%20Academy%20Split%202%20Playoffs%202023/,BR,34,2023-08-14,2023-09-02
LCK Regional Finals 2023,https://gol.gg/tournament/tournament-stats/LCK%20Regional%20Finals%202023/,KR,11,2023-08-24,2023-08-26
LLA Closing Playoffs 2023,https://gol.gg/tournament/tournament-stats/LLA%20Closing%20Playoffs%202023/,LAT,34,2023-07-25,2023-08-26
LCK CL Summer Playoffs 2023,https://gol.gg/tournament/tournament-stats/LCK%20CL%20Summer%20Playoffs%202023/,KR,31,2023-08-07,2023-08-22
LCK Summer Playoffs 2023,https://gol.gg/tournament/tournament-stats/LCK%20Summer%20Playoffs%202023/,KR,31,2023-08-08,2023-08-20
LCS Championship 2023,https://gol.gg/tournament/tournament-stats/LCS%20Championship%202023/,NA,49,2023-07-27,2023-08-20
LJL Summer Playoffs 2023,https://gol.gg/tournament/tournament-stats/LJL%20Summer%20Playoffs%202023/,JP,40,2023-07-22,2023-08-20
EMEA Masters Play-In Summer 2023,https://gol.gg/tournament/tournament-stats/EMEA%20Masters%20Play-In%20Summer%202023/,WR,60,2023-08-14,2023-08-17
LFL Div2 Summer Playoffs 2023,https://gol.gg/tournament/tournament-stats/LFL%20Div2%20Summer%20Playoffs%202023/,FR,26,2023-07-31,2023-08-13
EBL Summer Playoffs 2023,https://gol.gg/tournament/tournament-stats/EBL%20Summer%20Playoffs%202023/,RS,15,2023-07-26,2023-08-12
Elite Series Summer Playoffs 2023,https://gol.gg/tournament/tournament-stats/Elite%20Series%20Summer%20Playoffs%202023/,BE,15,2023-08-01,2023-08-12
Prime League Summer Playoffs 2023,https://gol.gg/tournament/tournament-stats/Prime%20League%20Summer%20Playoffs%202023/,DE,20,2023-07-26,2023-08-12
SuperLiga Summer Playoffs 2023,https://gol.gg/tournament/tournament-stats/SuperLiga%20Summer%20Playoffs%202023/,ES,24,2023-07-25,2023-08-12
TCL Summer Playoffs 2023,https://gol.gg/tournament/tournament-stats/TCL%20Summer%20Playoffs%202023/,TR,25,2023-07-25,2023-08-12
Ultraliga Season 10 Playoffs 2023,https://gol.gg/tournament/tournament-stats/Ultraliga%20Season%2010%20Playoffs%202023/,PL,23,2023-07-25,2023-08-12
Arabian League Summer Playoffs 2023,https://gol.gg/tournament/tournament-stats/Arabian%20League%20Summer%20Playoffs%202023/,AL,17,2023-08-08,2023-08-11
LFL Summer Playoffs 2023,https://gol.gg/tournament/tournament-stats/LFL%20Summer%20Playoffs%202023/,FR,22,2023-08-02,2023-08-11
SuperLiga 2nd Div Summer Playoffs 2023,https://gol.gg/tournament/tournament-stats/SuperLiga%202nd%20Div%20Summer%20Playoffs%202023/,ES,25,2023-07-31,2023-08-11
NACL Summer Playoffs 2023,https://gol.gg/tournament/tournament-stats/NACL%20Summer%20Playoffs%202023/,NA,39,2023-07-22,2023-08-09
Prime League 2nd Div Summer Playoffs 2023,https://gol.gg/tournament/tournament-stats/Prime%20League%202nd%20Div%20Summer%20Playoffs%202023/,DE,26,2023-07-31,2023-08-09
CBLOL Academy Split 2 2023,https://gol.gg/tournament/tournament-stats/CBLOL%20Academy%20Split%202%202023/,BR,90,2023-06-12,2023-08-08
LPL Regional Finals 2023,https://gol.gg/tournament/tournament-stats/LPL%20Regional%20Finals%202023/,CN,13,2023-08-06,2023-08-08
PCS Summer 2023,https://gol.gg/tournament/tournament-stats/PCS%20Summer%202023/,PCS,91,2023-06-30,2023-08-07
CBLOL Split 2 2023,https://gol.gg/tournament/tournament-stats/CBLOL%20Split%202%202023/,BR,90,2023-06-10,2023-08-06
LCK Summer 2023,https://gol.gg/tournament/tournament-stats/LCK%20Summer%202023/,KR,206,2023-06-07,2023-08-06
VCS Summer 2023,https://gol.gg/tournament/tournament-stats/VCS%20Summer%202023/,VN,102,2023-06-23,2023-08-06
GLL Summer Playoffs 2023,https://gol.gg/tournament/tournament-stats/GLL%20Summer%20Playoffs%202023/,GR,17,2023-07-18,2023-08-05
Hitpoint Masters Summer Playoffs 2023,https://gol.gg/tournament/tournament-stats/Hitpoint%20Masters%20Summer%20Playoffs%202023/,CZ,14,2023-07-25,2023-08-05
LPL Summer Playoffs 2023,https://gol.gg/tournament/tournament-stats/LPL%20Summer%20Playoffs%202023/,CN,52,2023-07-20,2023-08-05
LPLOL Summer Playoffs 2023,https://gol.gg/tournament/tournament-stats/LPLOL%20Summer%20Playoffs%202023/,PT,16,2023-07-20,2023-08-05
NLC Summer Playoffs 2023,https://gol.gg/tournament/tournament-stats/NLC%20Summer%20Playoffs%202023/,EUW,16,2023-07-25,2023-08-05
PG Nationals Summer Playoffs 2023,https://gol.gg/tournament/tournament-stats/PG%20Nationals%20Summer%20Playoffs%202023/,IT,15,2023-07-26,2023-08-05
LCK CL Summer 2023,https://gol.gg/tournament/tournament-stats/LCK%20CL%20Summer%202023/,KR,218,2023-06-05,2023-08-04
LCO Split 2 Playoffs 2023,https://gol.gg/tournament/tournament-stats/LCO%20Split%202%20Playoffs%202023/,OCE,20,2023-07-17,2023-07-30
LEC Summer Playoffs 2023,https://gol.gg/tournament/tournament-stats/LEC%20Summer%20Playoffs%202023/,EUW,16,2023-07-24,2023-07-30
LFL Summer 2023,https://gol.gg/tournament/tournament-stats/LFL%20Summer%202023/,FR,91,2023-05-31,2023-07-27
Arabian League Summer 2023,https://gol.gg/tournament/tournament-stats/Arabian%20League%20Summer%202023/,AL,56,2023-06-13,2023-07-26
LEC Summer Groups 2023,https://gol.gg/tournament/tournament-stats/LEC%20Summer%20Groups%202023/,EUW,22,2023-07-15,2023-07-23
EBL Summer 2023,https://gol.gg/tournament/tournament-stats/EBL%20Summer%202023/,RS,56,2023-06-07,2023-07-21
Hitpoint Masters Summer 2023,https://gol.gg/tournament/tournament-stats/Hitpoint%20Masters%20Summer%202023/,CZ,56,2023-06-06,2023-07-21
LCS Summer 2023,https://gol.gg/tournament/tournament-stats/LCS%20Summer%202023/,NA,92,2023-06-14,2023-07-21
LFL Div2 Summer 2023,https://gol.gg/tournament/tournament-stats/LFL%20Div2%20Summer%202023/,FR,91,2023-05-23,2023-07-21
PG Nationals Summer 2023,https://gol.gg/tournament/tournament-stats/PG%20Nationals%20Summer%202023/,IT,56,2023-06-08,2023-07-21
Prime League Summer 2023,https://gol.gg/tournament/tournament-stats/Prime%20League%20Summer%202023/,DE,89,2023-06-01,2023-07-21
SuperLiga 2nd Div Summer 2023,https://gol.gg/tournament/tournament-stats/SuperLiga%202nd%20Div%20Summer%202023/,ES,90,2023-05-31,2023-07-21
TCL Summer 2023,https://gol.gg/tournament/tournament-stats/TCL%20Summer%202023/,TR,56,2023-06-14,2023-07-21
Elite Series Summer 2023,https://gol.gg/tournament/tournament-stats/Elite%20Series%20Summer%202023/,BE,56,2023-06-06,2023-07-20
SuperLiga Summer 2023,https://gol.gg/tournament/tournament-stats/SuperLiga%20Summer%202023/,ES,91,2023-05-29,2023-07-20
Ultraliga Season 10 2023,https://gol.gg/tournament/tournament-stats/Ultraliga%20Season%2010%202023/,PL,90,2023-05-29,2023-07-20
LLA Closing 2023,https://gol.gg/tournament/tournament-stats/LLA%20Closing%202023/,LAT,61,2023-06-06,2023-07-19
NLC Summer 2023,https://gol.gg/tournament/tournament-stats/NLC%20Summer%202023/,EUW,56,2023-06-06,2023-07-19
Prime League 2nd Div Summer 2023,https://gol.gg/tournament/tournament-stats/Prime%20League%202nd%20Div%20Summer%202023/,DE,90,2023-05-29,2023-07-18
LPL Summer 2023,https://gol.gg/tournament/tournament-stats/LPL%20Summer%202023/,CN,324,2023-05-29,2023-07-17
NACL Summer 2023,https://gol.gg/tournament/tournament-stats/NACL%20Summer%202023/,NA,180,2023-06-10,2023-07-17
LJL Summer 2023,https://gol.gg/tournament/tournament-stats/LJL%20Summer%202023/,JP,67,2023-06-10,2023-07-16
LPLOL Summer 2023,https://gol.gg/tournament/tournament-stats/LPLOL%20Summer%202023/,PT,56,2023-06-05,2023-07-14
GLL Summer 2023,https://gol.gg/tournament/tournament-stats/GLL%20Summer%202023/,GR,56,2023-06-05,2023-07-12
LCO Split 2 2023,https://gol.gg/tournament/tournament-stats/LCO%20Split%202%202023/,OCE,57,2023-06-05,2023-07-12
LEC Summer 2023,https://gol.gg/tournament/tournament-stats/LEC%20Summer%202023/,EUW,45,2023-06-17,2023-07-03
MSI 2023,https://gol.gg/tournament/tournament-stats/MSI%202023/,WR,76,2023-05-02,2023-05-21
EMEA Masters Spring 2023,https://gol.gg/tournament/tournament-stats/EMEA%20Masters%20Spring%202023/,WR,79,2023-04-11,2023-04-29
LCO Split 1 Stage 2 2023,https://gol.gg/tournament/tournament-stats/LCO%20Split%201%20Stage%202%202023/,OCE,41,2023-02-27,2023-04-29
LEC Spring Playoffs 2023,https://gol.gg/tournament/tournament-stats/LEC%20Spring%20Playoffs%202023/,EUW,17,2023-04-17,2023-04-23
VCS Spring Playoffs 2023,https://gol.gg/tournament/tournament-stats/VCS%20Spring%20Playoffs%202023/,VN,25,2023-04-14,2023-04-23
CBLOL Academy Split 1 Playoffs 2023,https://gol.gg/tournament/tournament-stats/CBLOL%20Academy%20Split%201%20Playoffs%202023/,BR,34,2023-03-27,2023-04-22
LEC Spring Groups 2023,https://gol.gg/tournament/tournament-stats/LEC%20Spring%20Groups%202023/,EUW,24,2023-04-08,2023-04-16
CBLOL Split 1 Playoffs 2023,https://gol.gg/tournament/tournament-stats/CBLOL%20Split%201%20Playoffs%202023/,BR,30,2023-03-24,2023-04-15
LJL Spring Playoffs 2023,https://gol.gg/tournament/tournament-stats/LJL%20Spring%20Playoffs%202023/,JP,19,2023-04-01,2023-04-15
LPL Spring Playoffs 2023,https://gol.gg/tournament/tournament-stats/LPL%20Spring%20Playoffs%202023/,CN,50,2023-03-30,2023-04-15
LLA Opening Playoffs 2023,https://gol.gg/tournament/tournament-stats/LLA%20Opening%20Playoffs%202023/,LAT,35,2023-03-14,2023-04-14
VCS Spring 2023,https://gol.gg/tournament/tournament-stats/VCS%20Spring%202023/,VN,139,2023-02-24,2023-04-10
LCK Spring Playoffs 2023,https://gol.gg/tournament/tournament-stats/LCK%20Spring%20Playoffs%202023/,KR,33,2023-03-22,2023-04-09
LCS Spring Playoffs 2023,https://gol.gg/tournament/tournament-stats/LCS%20Spring%20Playoffs%202023/,NA,30,2023-03-23,2023-04-09
PCS Spring Playoffs 2023,https://gol.gg/tournament/tournament-stats/PCS%20Spring%20Playoffs%202023/,WR,45,2023-03-23,2023-04-09
EMEA Masters Spring Play-In 2023,https://gol.gg/tournament/tournament-stats/EMEA%20Masters%20Spring%20Play-In%202023/,WR,60,2023-04-04,2023-04-07
LCK CL Spring Playoffs 2023,https://gol.gg/tournament/tournament-stats/LCK%20CL%20Spring%20Playoffs%202023/,KR,34,2023-03-20,2023-04-07
SuperLiga 2nd Div Spring Playoffs 2023,https://gol.gg/tournament/tournament-stats/SuperLiga%202nd%20Div%20Spring%20Playoffs%202023/,ES,24,2023-03-22,2023-04-03
LFL Div2 Spring Playoffs 2023,https://gol.gg/tournament/tournament-stats/LFL%20Div2%20Spring%20Playoffs%202023/,FR,24,2023-03-14,2023-04-02
NACL Spring Playoffs 2023,https://gol.gg/tournament/tournament-stats/NACL%20Spring%20Playoffs%202023/,NA,82,2023-03-11,2023-04-02
EBL Spring Playoffs 2023,https://gol.gg/tournament/tournament-stats/EBL%20Spring%20Playoffs%202023/,RS,18,2023-03-16,2023-04-01
GLL Spring Playoffs 2023,https://gol.gg/tournament/tournament-stats/GLL%20Spring%20Playoffs%202023/,GR,17,2023-03-14,2023-04-01
LPLOL Spring Playoffs 2023,https://gol.gg/tournament/tournament-stats/LPLOL%20Spring%20Playoffs%202023/,PT,15,2023-03-16,2023-04-01
Prime League Spring Playoffs 2023,https://gol.gg/tournament/tournament-stats/Prime%20League%20Spring%20Playoffs%202023/,DE,25,2023-03-16,2023-04-01
SuperLiga Spring Playoffs 2023,https://gol.gg/tournament/tournament-stats/SuperLiga%20Spring%20Playoffs%202023/,ES,21,2023-03-14,2023-04-01
TCL Spring Playoffs 2023,https://gol.gg/tournament/tournament-stats/TCL%20Spring%20Playoffs%202023/,TR,23,2023-03-22,2023-04-01
Hitpoint Masters Spring Playoffs 2023,https://gol.gg/tournament/tournament-stats/Hitpoint%20Masters%20Spring%20Playoffs%202023/,CZ,16,2023-03-21,2023-03-31
LFL Spring Playoffs 2023,https://gol.gg/tournament/tournament-stats/LFL%20Spring%20Playoffs%202023/,FR,21,2023-03-22,2023-03-31
PG Nationals Spring Playoffs 2023,https://gol.gg/tournament/tournament-stats/PG%20Nationals%20Spring%20Playoffs%202023/,IT,17,2023-03-16,2023-03-31
Ultraliga Season 9 Playoffs 2023,https://gol.gg/tournament/tournament-stats/Ultraliga%20Season%209%20Playoffs%202023/,PL,21,2023-03-14,2023-03-31
Arabian League Spring Playoffs 2023,https://gol.gg/tournament/tournament-stats/Arabian%20League%20Spring%20Playoffs%202023/,AL,14,2023-03-09,2023-03-30
Elite Series Spring Playoffs 2023,https://gol.gg/tournament/tournament-stats/Elite%20Series%20Spring%20Playoffs%202023/,BE,16,2023-03-21,2023-03-30
Prime League 2nd Div Spring Playoffs 2023,https://gol.gg/tournament/tournament-stats/Prime%20League%202nd%20Div%20Spring%20Playoffs%202023/,DE,24,2023-03-06,2023-03-30
NLC Spring Playoffs 2023,https://gol.gg/tournament/tournament-stats/NLC%20Spring%20Playoffs%202023/,EUW,16,2023-03-14,2023-03-28
LEC Spring Season 2023,https://gol.gg/tournament/tournament-stats/LEC%20Spring%20Season%202023/,EUW,46,2023-03-11,2023-03-27
LJL Spring 2023,https://gol.gg/tournament/tournament-stats/LJL%20Spring%202023/,JP,133,2023-01-28,2023-03-26
LPL Spring 2023,https://gol.gg/tournament/tournament-stats/LPL%20Spring%202023/,CN,329,2023-01-14,2023-03-26
CBLOL Academy Split 1 2023,https://gol.gg/tournament/tournament-stats/CBLOL%20Academy%20Split%201%202023/,BR,90,2023-01-23,2023-03-21
CBLOL Split 1 2023,https://gol.gg/tournament/tournament-stats/CBLOL%20Split%201%202023/,BR,90,2023-01-21,2023-03-19
LCK Spring 2023,https://gol.gg/tournament/tournament-stats/LCK%20Spring%202023/,KR,218,2023-01-18,2023-03-19
Hitpoint Masters Spring 2023,https://gol.gg/tournament/tournament-stats/Hitpoint%20Masters%20Spring%202023/,CZ,57,2023-01-27,2023-03-17
LCK CL 2023 Spring,https://gol.gg/tournament/tournament-stats/LCK%20CL%202023%20Spring/,KR,222,2023-01-16,2023-03-17
LCS Spring 2023,https://gol.gg/tournament/tournament-stats/LCS%20Spring%202023/,NA,93,2023-01-26,2023-03-17
SuperLiga 2nd Div Spring 2023,https://gol.gg/tournament/tournament-stats/SuperLiga%202nd%20Div%20Spring%202023/,ES,91,2023-01-18,2023-03-17
TCL Spring 2023,https://gol.gg/tournament/tournament-stats/TCL%20Spring%202023/,TR,56,2023-01-26,2023-03-17
LFL Spring 2023,https://gol.gg/tournament/tournament-stats/LFL%20Spring%202023/,FR,90,2023-01-18,2023-03-16
Prime League Spring 2023,https://gol.gg/tournament/tournament-stats/Prime%20League%20Spring%202023/,DE,90,2023-01-19,2023-03-14
PCS Spring 2023,https://gol.gg/tournament/tournament-stats/PCS%20Spring%202023/,PCS,92,2023-02-03,2023-03-12
Arabian League Spring 2023,https://gol.gg/tournament/tournament-stats/Arabian%20League%20Spring%202023/,AL,57,2023-02-01,2023-03-11
EBL Spring 2023,https://gol.gg/tournament/tournament-stats/EBL%20Spring%202023/,RS,56,2023-01-25,2023-03-10
LFL Div2 Spring 2023,https://gol.gg/tournament/tournament-stats/LFL%20Div2%20Spring%202023/,FR,90,2023-01-10,2023-03-10
LPLOL Spring 2023,https://gol.gg/tournament/tournament-stats/LPLOL%20Spring%202023/,PT,56,2023-01-26,2023-03-10
NLC Spring 2023,https://gol.gg/tournament/tournament-stats/NLC%20Spring%202023/,EUW,57,2023-01-24,2023-03-10
PG Nationals Spring 2023,https://gol.gg/tournament/tournament-stats/PG%20Nationals%20Spring%202023/,IT,56,2023-01-26,2023-03-10
Elite Series Spring 2023,https://gol.gg/tournament/tournament-stats/Elite%20Series%20Spring%202023/,BE,56,2023-01-24,2023-03-09
SuperLiga Spring 2023,https://gol.gg/tournament/tournament-stats/SuperLiga%20Spring%202023/,ES,90,2023-01-16,2023-03-09
GLL Spring 2023,https://gol.gg/tournament/tournament-stats/GLL%20Spring%202023/,GR,56,2023-01-24,2023-03-08
LLA Opening 2023,https://gol.gg/tournament/tournament-stats/LLA%20Opening%202023/,LAT,63,2023-01-24,2023-03-08
Ultraliga Season 9 2023,https://gol.gg/tournament/tournament-stats/Ultraliga%20Season%209%202023/,PL,91,2023-01-16,2023-03-08
NACL Spring 2023,https://gol.gg/tournament/tournament-stats/NACL%20Spring%202023/,NA,242,2023-01-21,2023-03-07
Prime League 2nd Div Spring 2023,https://gol.gg/tournament/tournament-stats/Prime%20League%202nd%20Div%20Spring%202023/,DE,90,2023-01-09,2023-03-03
LEC Winter Playoffs 2023,https://gol.gg/tournament/tournament-stats/LEC%20Winter%20Playoffs%202023/,EUW,16,2023-02-20,2023-02-26
LEC Winter Groups 2023,https://gol.gg/tournament/tournament-stats/LEC%20Winter%20Groups%202023/,EUW,24,2023-02-11,2023-02-19
LCO Split 1 2023,https://gol.gg/tournament/tournament-stats/LCO%20Split%201%202023/,OCE,28,2023-01-23,2023-02-07
LEC Winter 2023,https://gol.gg/tournament/tournament-stats/LEC%20Winter%202023/,EUW,45,2023-01-21,2023-02-06
